{"stats":{"minecraft:killed":{"mowziesmobs:baby_foliaath":1,"mowziesmobs:umvuthana_follower_raptor":1,"mowziesmobs:frostmaw":1,"mowziesmobs:umvuthana_crane":1,"grimoireofgaia:kobold":1,"mowziesmobs:foliaath":9,"mowziesmobs:umvuthana_raptor":1,"mowziesmobs:umvuthana":2,"grimoireofgaia:mandragora":1},"minecraft:crafted":{"minecraft:bread":4,"beer_craft:beer":1},"minecraft:custom":{"minecraft:mob_kills":20,"minecraft:interact_with_anvil":1,"minecraft:traded_with_villager":5,"minecraft:leave_game":2,"minecraft:time_since_death":17493,"minecraft:climb_one_cm":2773,"minecraft:damage_resisted":178,"minecraft:time_since_rest":17245,"minecraft:sprint_one_cm":35539,"minecraft:damage_absorbed":320,"minecraft:damage_taken":1111,"minecraft:walk_one_cm":278453,"minecraft:drop":28,"minecraft:minecart_one_cm":22158,"minecraft:damage_dealt":4846,"minecraft:fly_one_cm":1366914,"minecraft:open_chest":12,"minecraft:crouch_one_cm":949,"minecraft:play_time":197550,"minecraft:deaths":1,"minecraft:sneak_time":3810,"minecraft:walk_under_water_one_cm":1874,"minecraft:aviate_one_cm":1608306,"minecraft:jump":413,"minecraft:walk_on_water_one_cm":3184,"minecraft:total_world_time":252348,"minecraft:interact_with_smoker":1,"minecraft:fall_one_cm":7915},"minecraft:picked_up":{"minecraft:charcoal":12,"minecraft:feather":6,"immersive_melodies:bagpipe":1,"magistuarmory:noble_sword":1,"minecraft:gunpowder":3,"minecraft:red_bed":1,"minecraft:lantern":2,"immersive_melodies:lute":1,"mowziesmobs:umvuthana_mask_rage":2,"mowziesmobs:foliaath_seed":97,"minecraft:written_book":1,"minecraft:iron_nugget":1,"lightmanscurrency:coin_iron":6,"epicsamurai:katana":1,"minecraft:jungle_door":2,"minecraft:spruce_door":1,"mowziesmobs:naga_fang":1,"lightmanscurrency:coin_copper":4,"immersive_melodies:piano":1,"immersive_melodies:didgeridoo":1,"mowziesmobs:ice_crystal":1,"grimoireofgaia:fur":1},"minecraft:dropped":{"epicsamurai:katana":1,"mowziesmobs:ice_crystal":1,"magistuarmory:noble_sword":1,"lightmanscurrency:coin_chocolate_netherite":1,"minecraft:hay_block":35,"mca:villager_editor":64,"paraglider:heart_container":7,"minecraft:bone_block":1,"lightmanscurrency:coin_chocolate_gold":1,"lightmanscurrency:coin_chocolate_diamond":1},"minecraft:used":{"mowziesmobs:foliaath_seed":1,"grimoireofgaia:kobold_spawn_egg":2,"create:handheld_worldshaper":3,"mowziesmobs:umvuthana_spawn_egg":2,"minecraft:elytra":1,"minecraft:bone_block":1,"lightmanscurrency:coin_chocolate_diamond":1,"easy_npc:piglin_spawn_egg":1,"minecraft:stone":1,"lightmanscurrency:coinpile_emerald":1,"beer_craft:beer":3,"easy_npc:wither_skeleton_spawn_egg":1,"mowziesmobs:umvuthana_crane_spawn_egg":1,"mowziesmobs:umvuthana_raptor_spawn_egg":1,"mowziesmobs:naga_spawn_egg":1,"mowziesmobs:foliaath_spawn_egg":108,"mowziesmobs:frostmaw_spawn_egg":1,"epicsamurai:naginata":17,"mowziesmobs:wroughtnaut_spawn_egg":3,"lightmanscurrency:coin_chocolate_netherite":1,"minecraft:spruce_stairs":2,"minecraft:jungle_planks":2,"mca:female_villager_spawn_egg":1,"grimoireofgaia:mandragora_spawn_egg":1,"lightmanscurrency:coinpile_diamond":1,"magistuarmory:jousting_chestplate":1,"minecraft:acacia_button":1,"magistuarmory:noble_sword":13,"easy_npc:humanoid_spawn_egg":8,"epicsamurai:shuriken":4,"minecraft:milk_bucket":1,"magistuarmory:armet":1,"mowziesmobs:wrought_axe":13,"minecraft:firework_rocket":87,"lightmanscurrency:coinpile_copper":3,"lightmanscurrency:coinpile_iron":1,"minecraft:grass_block":22,"easy_npc:skeleton_spawn_egg":1,"easy_npc:orc_spawn_egg":1,"easy_npc:evoker_spawn_egg":1,"easy_npc:fairy_spawn_egg":1,"minecraft:light_gray_wool":2,"epicsamurai:katana":31,"lightmanscurrency:coinpile_gold":1,"paraglider:rito_goddess_statue":1,"minecraft:written_book":1,"minecraft:minecart":2,"naturalist:teddy_bear":1,"lightmanscurrency:coinpile_netherite":1,"minecraft:enchanted_golden_apple":2}},"DataVersion":3120}