{"stats":{"minecraft:crafted":{"beer_craft:beer":1,"minecraft:bread":4},"minecraft:custom":{"minecraft:time_since_rest":84075,"minecraft:open_chest":10,"minecraft:crouch_one_cm":141,"minecraft:sprint_one_cm":12859,"minecraft:play_time":84075,"minecraft:walk_one_cm":84071,"minecraft:sneak_time":2074,"minecraft:walk_under_water_one_cm":1798,"minecraft:aviate_one_cm":1608306,"minecraft:jump":100,"minecraft:damage_dealt":10,"minecraft:minecart_one_cm":22158,"minecraft:walk_on_water_one_cm":3120,"minecraft:leave_game":1,"minecraft:time_since_death":84075,"minecraft:traded_with_villager":5,"minecraft:climb_one_cm":663,"minecraft:total_world_time":138873,"minecraft:fly_one_cm":1050213},"minecraft:picked_up":{"minecraft:written_book":1},"minecraft:used":{"lightmanscurrency:coinpile_gold":1,"minecraft:firework_rocket":87,"lightmanscurrency:coinpile_iron":1,"lightmanscurrency:coinpile_copper":3,"minecraft:written_book":1,"minecraft:grass_block":1,"minecraft:jungle_planks":2,"minecraft:spruce_stairs":2,"minecraft:elytra":1,"minecraft:minecart":2,"lightmanscurrency:coinpile_diamond":1,"magistuarmory:jousting_chestplate":1,"minecraft:acacia_button":1,"easy_npc:humanoid_spawn_egg":3,"lightmanscurrency:coinpile_netherite":1,"magistuarmory:armet":1,"minecraft:milk_bucket":1,"beer_craft:beer":1,"lightmanscurrency:coinpile_emerald":1}},"DataVersion":3120}