{"stats":{"minecraft:custom":{"minecraft:time_since_rest":72075,"minecraft:open_chest":7,"minecraft:crouch_one_cm":86,"minecraft:sprint_one_cm":11258,"minecraft:play_time":72075,"minecraft:walk_one_cm":75914,"minecraft:sneak_time":1366,"minecraft:walk_under_water_one_cm":1798,"minecraft:aviate_one_cm":1608306,"minecraft:jump":92,"minecraft:minecart_one_cm":22158,"minecraft:walk_on_water_one_cm":3120,"minecraft:leave_game":1,"minecraft:time_since_death":72075,"minecraft:climb_one_cm":663,"minecraft:total_world_time":126873,"minecraft:fly_one_cm":786684},"minecraft:picked_up":{"minecraft:written_book":1},"minecraft:used":{"minecraft:firework_rocket":87,"minecraft:written_book":1,"minecraft:jungle_planks":2,"minecraft:spruce_stairs":2,"minecraft:elytra":1,"minecraft:minecart":2,"magistuarmory:jousting_chestplate":1,"minecraft:acacia_button":1,"easy_npc:humanoid_spawn_egg":3,"magistuarmory:armet":1,"minecraft:milk_bucket":1}},"DataVersion":3120}