{"stats":{"minecraft:custom":{"minecraft:time_since_rest":56470,"minecraft:sprint_one_cm":24356,"minecraft:walk_one_cm":155377,"minecraft:mob_kills":4,"minecraft:drop":13,"minecraft:damage_dealt":270,"minecraft:swim_one_cm":907,"minecraft:fly_one_cm":202691,"minecraft:crouch_one_cm":242,"minecraft:play_time":85948,"minecraft:deaths":1,"minecraft:sneak_time":1236,"minecraft:walk_under_water_one_cm":6032,"minecraft:boat_one_cm":24210,"minecraft:jump":300,"minecraft:leave_game":1,"minecraft:time_since_death":56631,"minecraft:walk_on_water_one_cm":653,"minecraft:climb_one_cm":2552,"minecraft:total_world_time":85948,"minecraft:fall_one_cm":1672},"minecraft:used":{"supplementaries:wind_vane":1,"minecraft:lever":1,"minecraft:water_bucket":10,"quark:tiny_potato":2,"ad_astra:jet_suit_helmet":1,"ad_astra:jet_suit_boots":1,"minecraft:grass_block":32,"ad_astra:jet_suit_pants":1,"minecraft:poppy":25,"alexscaves:submarine":1,"ad_astra:jet_suit":1,"alexscaves:pewen_boat":1,"ad_astra:launch_pad":1,"minecraft:diamond_sword":2,"ad_astra:radio":1,"ad_astra:tier_4_rocket":1,"mowziesmobs:wrought_axe":3},"minecraft:mined":{"minecraft:grass":1,"minecraft:grass_block":2,"minecraft:oak_log":2,"minecraft:oak_leaves":2},"minecraft:picked_up":{"ad_astra:tier_4_rocket":1,"quark:tiny_potato":1,"minecraft:oak_log":2,"minecraft:dirt":2,"minecraft:shroomlight":1,"born_in_chaos_v1:fire_dust":1,"minecraft:diamond":2,"stalwart_dungeons:stone_hammer":1,"ad_astra:launch_pad":1,"ad_astra:marked_iron_pillar":1,"minecraft:bone_meal":1,"ad_astra:zip_gun":2,"ad_astra:radio":1,"born_in_chaos_v1:rotten_fish":1,"minecraft:smooth_quartz_stairs":4},"minecraft:dropped":{"hangglider:hang_glider":2,"born_in_chaos_v1:fire_dust":1,"tombstone:grave_key":1,"minecraft:diamond":3,"tombstone:gift":1,"ad_astra:zip_gun":2,"quark:tiny_potato":1,"stalwart_dungeons:stone_hammer":2},"minecraft:killed":{"luminousworld:mourning_cloak":3,"minecraft:creeper":1}},"DataVersion":3465}