{"stats":{"minecraft:custom":{"minecraft:time_since_rest":60075,"minecraft:open_chest":5,"minecraft:crouch_one_cm":85,"minecraft:sprint_one_cm":9037,"minecraft:play_time":60075,"minecraft:walk_one_cm":54747,"minecraft:sneak_time":1137,"minecraft:walk_under_water_one_cm":1798,"minecraft:aviate_one_cm":1608306,"minecraft:jump":65,"minecraft:walk_on_water_one_cm":2948,"minecraft:leave_game":1,"minecraft:time_since_death":60075,"minecraft:climb_one_cm":663,"minecraft:total_world_time":114873,"minecraft:fly_one_cm":605928},"minecraft:picked_up":{"minecraft:written_book":1},"minecraft:used":{"minecraft:firework_rocket":87,"minecraft:written_book":1,"minecraft:jungle_planks":2,"minecraft:spruce_stairs":2,"minecraft:elytra":1,"magistuarmory:jousting_chestplate":1,"easy_npc:humanoid_spawn_egg":3,"magistuarmory:armet":1,"minecraft:milk_bucket":1}},"DataVersion":3120}