{"stats":{"minecraft:custom":{"minecraft:time_since_rest":20470,"minecraft:sprint_one_cm":18302,"minecraft:walk_one_cm":71799,"minecraft:mob_kills":4,"minecraft:drop":6,"minecraft:damage_dealt":270,"minecraft:swim_one_cm":907,"minecraft:fly_one_cm":144029,"minecraft:crouch_one_cm":212,"minecraft:play_time":49948,"minecraft:deaths":1,"minecraft:sneak_time":798,"minecraft:walk_under_water_one_cm":6032,"minecraft:boat_one_cm":24210,"minecraft:jump":193,"minecraft:leave_game":1,"minecraft:time_since_death":20631,"minecraft:walk_on_water_one_cm":653,"minecraft:total_world_time":49948,"minecraft:fall_one_cm":1672},"minecraft:used":{"quark:tiny_potato":2,"minecraft:grass_block":32,"alexscaves:submarine":1,"alexscaves:pewen_boat":1,"ad_astra:launch_pad":1,"minecraft:diamond_sword":2,"ad_astra:tier_4_rocket":1,"mowziesmobs:wrought_axe":3},"minecraft:mined":{"minecraft:grass":1,"minecraft:grass_block":2,"minecraft:oak_log":2,"minecraft:oak_leaves":2},"minecraft:picked_up":{"ad_astra:tier_4_rocket":1,"quark:tiny_potato":1,"minecraft:oak_log":2,"minecraft:dirt":2,"minecraft:shroomlight":1,"born_in_chaos_v1:fire_dust":1,"ad_astra:marked_iron_pillar":1,"minecraft:bone_meal":1,"born_in_chaos_v1:rotten_fish":1,"minecraft:smooth_quartz_stairs":4},"minecraft:dropped":{"hangglider:hang_glider":2,"born_in_chaos_v1:fire_dust":1,"tombstone:grave_key":1,"tombstone:gift":1,"quark:tiny_potato":1},"minecraft:killed":{"luminousworld:mourning_cloak":3,"minecraft:creeper":1}},"DataVersion":3465}