{"stats":{"minecraft:killed":{"grimoireofgaia:kobold":1,"grimoireofgaia:mandragora":1},"minecraft:crafted":{"beer_craft:beer":1,"minecraft:bread":4},"minecraft:custom":{"minecraft:time_since_rest":161550,"minecraft:sprint_one_cm":23398,"minecraft:walk_one_cm":196223,"minecraft:mob_kills":3,"minecraft:drop":18,"minecraft:minecart_one_cm":22158,"minecraft:damage_dealt":828,"minecraft:traded_with_villager":5,"minecraft:fly_one_cm":1217549,"minecraft:open_chest":12,"minecraft:crouch_one_cm":683,"minecraft:play_time":161550,"minecraft:sneak_time":3200,"minecraft:walk_under_water_one_cm":1798,"minecraft:aviate_one_cm":1608306,"minecraft:jump":331,"minecraft:walk_on_water_one_cm":3120,"minecraft:leave_game":2,"minecraft:time_since_death":161550,"minecraft:interact_with_smoker":1,"minecraft:climb_one_cm":2551,"minecraft:total_world_time":216348},"minecraft:picked_up":{"minecraft:charcoal":12,"minecraft:jungle_door":2,"immersive_melodies:bagpipe":1,"magistuarmory:noble_sword":1,"minecraft:spruce_door":1,"minecraft:red_bed":1,"immersive_melodies:lute":1,"lightmanscurrency:coin_copper":4,"immersive_melodies:piano":1,"immersive_melodies:didgeridoo":1,"minecraft:written_book":1,"minecraft:iron_nugget":1,"lightmanscurrency:coin_iron":6,"grimoireofgaia:fur":1},"minecraft:dropped":{"minecraft:hay_block":35,"mca:villager_editor":64,"magistuarmory:noble_sword":1,"lightmanscurrency:coin_chocolate_gold":1,"lightmanscurrency:coin_chocolate_diamond":1,"lightmanscurrency:coin_chocolate_netherite":1},"minecraft:used":{"grimoireofgaia:kobold_spawn_egg":2,"create:handheld_worldshaper":3,"minecraft:firework_rocket":87,"lightmanscurrency:coinpile_iron":1,"lightmanscurrency:coinpile_copper":3,"minecraft:grass_block":22,"minecraft:elytra":1,"lightmanscurrency:coin_chocolate_diamond":1,"minecraft:stone":1,"beer_craft:beer":1,"lightmanscurrency:coinpile_emerald":1,"minecraft:light_gray_wool":2,"paraglider:rito_goddess_statue":1,"lightmanscurrency:coinpile_gold":1,"minecraft:written_book":1,"minecraft:jungle_planks":2,"mca:female_villager_spawn_egg":1,"lightmanscurrency:coin_chocolate_netherite":1,"minecraft:spruce_stairs":2,"minecraft:minecart":2,"naturalist:teddy_bear":1,"lightmanscurrency:coinpile_diamond":1,"grimoireofgaia:mandragora_spawn_egg":1,"magistuarmory:jousting_chestplate":1,"magistuarmory:noble_sword":13,"minecraft:acacia_button":1,"easy_npc:humanoid_spawn_egg":7,"lightmanscurrency:coinpile_netherite":1,"magistuarmory:armet":1,"minecraft:milk_bucket":1}},"DataVersion":3120}