{"stats":{"minecraft:killed":{"grimoireofgaia:kobold":1,"grimoireofgaia:mandragora":1},"minecraft:crafted":{"beer_craft:beer":1,"minecraft:bread":4},"minecraft:custom":{"minecraft:time_since_rest":96075,"minecraft:sprint_one_cm":12859,"minecraft:walk_one_cm":111512,"minecraft:mob_kills":3,"minecraft:drop":4,"minecraft:minecart_one_cm":22158,"minecraft:damage_dealt":828,"minecraft:traded_with_villager":5,"minecraft:fly_one_cm":1050213,"minecraft:open_chest":10,"minecraft:crouch_one_cm":500,"minecraft:play_time":96075,"minecraft:sneak_time":2501,"minecraft:walk_under_water_one_cm":1798,"minecraft:aviate_one_cm":1608306,"minecraft:jump":105,"minecraft:time_since_death":96075,"minecraft:leave_game":1,"minecraft:walk_on_water_one_cm":3120,"minecraft:total_world_time":150873,"minecraft:climb_one_cm":663},"minecraft:picked_up":{"immersive_melodies:bagpipe":1,"magistuarmory:noble_sword":1,"immersive_melodies:lute":1,"lightmanscurrency:coin_copper":4,"immersive_melodies:piano":1,"immersive_melodies:didgeridoo":1,"minecraft:written_book":1,"minecraft:iron_nugget":1,"lightmanscurrency:coin_iron":6,"grimoireofgaia:fur":1},"minecraft:dropped":{"lightmanscurrency:coin_chocolate_gold":1,"magistuarmory:noble_sword":1,"lightmanscurrency:coin_chocolate_diamond":1,"lightmanscurrency:coin_chocolate_netherite":1},"minecraft:used":{"grimoireofgaia:kobold_spawn_egg":2,"lightmanscurrency:coinpile_copper":3,"minecraft:firework_rocket":87,"lightmanscurrency:coinpile_iron":1,"minecraft:grass_block":1,"minecraft:elytra":1,"lightmanscurrency:coin_chocolate_diamond":1,"beer_craft:beer":1,"lightmanscurrency:coinpile_emerald":1,"paraglider:rito_goddess_statue":1,"lightmanscurrency:coinpile_gold":1,"minecraft:written_book":1,"lightmanscurrency:coin_chocolate_netherite":1,"minecraft:spruce_stairs":2,"minecraft:jungle_planks":2,"naturalist:teddy_bear":1,"grimoireofgaia:mandragora_spawn_egg":1,"minecraft:minecart":2,"lightmanscurrency:coinpile_diamond":1,"magistuarmory:jousting_chestplate":1,"minecraft:acacia_button":1,"magistuarmory:noble_sword":13,"easy_npc:humanoid_spawn_egg":7,"lightmanscurrency:coinpile_netherite":1,"minecraft:milk_bucket":1,"magistuarmory:armet":1}},"DataVersion":3120}