{"stats":{"minecraft:custom":{"minecraft:time_since_rest":13948,"minecraft:sprint_one_cm":4860,"minecraft:play_time":13948,"minecraft:walk_one_cm":17887,"minecraft:sneak_time":41,"minecraft:walk_under_water_one_cm":6032,"minecraft:mob_kills":3,"minecraft:drop":2,"minecraft:boat_one_cm":24210,"minecraft:jump":49,"minecraft:damage_dealt":80,"minecraft:leave_game":1,"minecraft:walk_on_water_one_cm":653,"minecraft:time_since_death":13948,"minecraft:total_world_time":13948,"minecraft:swim_one_cm":907,"minecraft:fall_one_cm":1672,"minecraft:fly_one_cm":63520},"minecraft:used":{"quark:tiny_potato":2,"alexscaves:submarine":1,"alexscaves:pewen_boat":1,"mowziesmobs:wrought_axe":3},"minecraft:mined":{"minecraft:grass":1,"minecraft:grass_block":2,"minecraft:oak_log":2,"minecraft:oak_leaves":2},"minecraft:picked_up":{"born_in_chaos_v1:fire_dust":1,"minecraft:bone_meal":1,"quark:tiny_potato":1,"minecraft:oak_log":2,"born_in_chaos_v1:rotten_fish":1,"minecraft:dirt":2},"minecraft:dropped":{"quark:tiny_potato":1,"born_in_chaos_v1:fire_dust":1},"minecraft:killed":{"luminousworld:mourning_cloak":3}},"DataVersion":3465}