{"stats":{"minecraft:picked_up":{"easy_npc:humanoid_spawn_egg":1,"minecraft:lily_pad":2,"minecraft:lantern":1,"immersive_melodies:lute":3,"minecraft:wheat_seeds":3,"grimoireofgaia:honeydew":1,"minecraft:iron_nugget":2,"grimoireofgaia:meat":1,"dragonmounts:dragon_egg":1},"minecraft:custom":{"minecraft:mob_kills":2,"minecraft:traded_with_villager":75,"minecraft:leave_game":1,"minecraft:time_since_death":219094,"minecraft:time_since_rest":219094,"minecraft:walk_one_cm":229623,"minecraft:damage_taken":30,"minecraft:sprint_one_cm":9187,"minecraft:drop":8,"minecraft:damage_dealt":919,"minecraft:fly_one_cm":838282,"minecraft:crouch_one_cm":890,"minecraft:play_time":219094,"minecraft:sneak_time":4961,"minecraft:walk_under_water_one_cm":31521,"minecraft:jump":363,"minecraft:walk_on_water_one_cm":22426,"minecraft:total_world_time":219094,"minecraft:fall_one_cm":569},"minecraft:dropped":{"minecraft:oak_slab":1,"medieval_deco:oaks_figureheads":2,"grimoireofgaia:weresheep_token":1,"minecraft:oak_log":1,"easy_npc:humanoid_spawn_egg":1,"grimoireofgaia:trader_token":1,"grimoireofgaia:holstaurus_token":1},"minecraft:used":{"minecraft:oak_fence":64,"minecraft:wheat_seeds":1,"create:handheld_worldshaper":17,"farmersdelight:onion_crate":2,"vampirism:fire_place":2,"minecraft:water_bucket":31,"grimoireofgaia:doll_ender_girl":1,"lightmanscurrency:shelf_oak":1,"mcwfences:oak_picket_fence":127,"minecraft:cobblestone_stairs":206,"farmersdelight:skillet":1,"farmersdelight:tomato_crate":1,"mcwdoors:dark_oak_beach_door":4,"minecraft:oak_planks":681,"minecraft:oak_sign":4,"medieval_deco:fish_barrel_salmon":2,"farmersdelight:stove":7,"mcwfences:andesite_pillar_wall":4,"mcwdoors:spruce_barn_door":2,"minecraft:cobblestone_slab":99,"minecraft:netherrack":4,"farmersdelight:canvas_sign":1,"minecraft:white_wool":1,"minecraft:bee_spawn_egg":1,"minecraft:torch":10,"medieval_deco:fish_barrel":3,"magistuarmory:netherite_shortsword":13,"grimoireofgaia:doll_dullahan":2,"grimoireofgaia:doll_maid":1,"minecraft:anvil":2,"mcwfences:birch_horse_fence":3,"minecraft:oak_slab":86,"medieval_deco:oaks_figureheads":10,"medieval_deco:guillotine_top":4,"lightmanscurrency:coin_chocolate_netherite":1,"medieval_deco:guillotine_middle":6,"framedblocks:framed_large_button":1,"mcwfences:oak_horse_fence":115,"medieval_deco:guillotine":2,"grimoireofgaia:doll_creeper_girl":1,"easy_npc:humanoid_spawn_egg":9,"minecraft:cake":1,"thirst:terracotta_water_bowl":1,"farmersdelight:stuffed_pumpkin_block":1,"minecraft:oak_log":539,"grimoireofgaia:doll_slime_girl":1,"grimoireofgaia:headgear_book":1,"minecraft:wooden_hoe":1,"farmersdelight:oak_cabinet":2,"lightmanscurrency:card_display_spruce_yellow":4,"lightmanscurrency:sus_jar":4,"create:windmill_bearing":1,"minecraft:grass_block":63,"minecraft:oak_stairs":205,"mcwfences:oak_stockade_fence":54,"morebeautifultorches:ancient_debris_torch":2,"easy_npc:orc_spawn_egg":1,"grimoireofgaia:doll_mermaid":1,"farmersdelight:rice_bale":2,"lightmanscurrency:coin_chocolate_copper":1,"farmersdelight:beetroot_crate":1,"grimoireofgaia:doll_dryad":1,"farmersdelight:cabbage_crate":2,"mcwfences:modern_andesite_wall":18,"minecraft:gravel":4,"minecraft:stone_brick_stairs":58,"minecraft:stone_bricks":28,"minecraft:item_frame":1,"medieval_deco:barrel_water":1,"lightmanscurrency:shelf_2x2_oak":1,"cfm:stripped_oak_table":3,"mcwfences:dark_oak_horse_fence":3,"minecraft:cobblestone":484,"minecraft:bow":2,"minecraft:furnace":6,"grimoireofgaia:doll_nine_tails":1,"farmersdelight:cooking_pot":1,"farmersdelight:shepherds_pie_block":2,"farmersdelight:squid_ink_pasta":1,"framedblocks:framed_trapdoor":10,"minecraft:bone_meal":2,"farmersdelight:potato_crate":2,"medieval_deco:barrel_mod":7},"minecraft:crafted":{"minecraft:bread":64,"minecraft:air":0,"minecraft:cake":11},"minecraft:killed":{"grimoireofgaia:bee":1,"gothic:snapper":1}},"DataVersion":3120}