{"stats":{"minecraft:custom":{"minecraft:jump":49,"minecraft:time_since_rest":6559,"minecraft:crouch_one_cm":103,"minecraft:sprint_one_cm":5527,"minecraft:play_time":6559,"minecraft:damage_taken":25,"minecraft:time_since_death":6559,"minecraft:walk_one_cm":16184,"minecraft:sneak_time":37,"minecraft:climb_one_cm":276,"minecraft:total_world_time":6559,"minecraft:fly_one_cm":13631},"minecraft:picked_up":{"lightmanscurrency:coin_emerald":2,"lightmanscurrency:coin_copper":5,"lightmanscurrency:coin_iron":3}},"DataVersion":3120}