{"stats":{"minecraft:killed":{"grimoireofgaia:kobold":1},"minecraft:custom":{"minecraft:time_since_rest":58793,"minecraft:open_chest":6,"minecraft:crouch_one_cm":552,"minecraft:play_time":58793,"minecraft:interact_with_furnace":1,"minecraft:sprint_one_cm":49683,"minecraft:walk_one_cm":22961,"minecraft:sneak_time":2290,"minecraft:jump":308,"minecraft:minecart_one_cm":22140,"minecraft:damage_dealt":381,"minecraft:time_since_death":58793,"minecraft:climb_one_cm":1044,"minecraft:total_world_time":58793,"minecraft:fly_one_cm":498307},"minecraft:picked_up":{"lightmanscurrency:coin_chocolate_netherite":1,"minecraft:hay_block":35,"lightmanscurrency:coin_chocolate_diamond":1,"lightmanscurrency:coin_chocolate_gold":1},"minecraft:used":{"minecraft:netherite_sword":3,"minecraft:hay_block":1,"lightmanscurrency:coin_chocolate_netherite":1,"lightmanscurrency:card_display_oak_white":5,"knightquest:water_sword":3,"lightmanscurrency:coin_chocolate_diamond":3}},"DataVersion":3120}