{"stats":{"minecraft:custom":{"minecraft:time_since_rest":36098,"minecraft:crouch_one_cm":294,"minecraft:sprint_one_cm":544,"minecraft:play_time":36098,"minecraft:walk_one_cm":10093,"minecraft:sneak_time":2010,"minecraft:drop":3,"minecraft:jump":165,"minecraft:leave_game":2,"minecraft:time_since_death":36098,"minecraft:total_world_time":36098,"minecraft:fly_one_cm":182739},"minecraft:used":{"born_in_chaos_v1:zombie_lumberjack_spawn_egg":1,"born_in_chaos_v1:skeleton_demoman_spawn_egg":1,"born_in_chaos_v1:lord_pumpkinhead_spawn_egg":1,"ad_astra:tier_4_rocket":7,"born_in_chaos_v1:spawn_structures_firewell":1,"ad_astra:tier_1_rover":1,"ad_astra:launch_pad":5,"ad_astra:iron_panel":21},"minecraft:picked_up":{"ad_astra:launch_pad":2,"ad_astra:iron_pillar":16,"hangglider:hang_glider":2,"alexsmobs:animal_dictionary":1},"minecraft:dropped":{"alexsmobs:animal_dictionary":1,"ad_astra:tier_4_rocket":1,"born_in_chaos_v1:lord_pumpkinhead_spawn_egg":1}},"DataVersion":3465}