{"stats":{"minecraft:killed":{"grimoireofgaia:kobold":1},"minecraft:custom":{"minecraft:jump":16,"minecraft:open_chest":4,"minecraft:time_since_rest":34793,"minecraft:damage_dealt":381,"minecraft:minecart_one_cm":22140,"minecraft:crouch_one_cm":254,"minecraft:interact_with_furnace":1,"minecraft:sprint_one_cm":4262,"minecraft:play_time":34793,"minecraft:time_since_death":34793,"minecraft:walk_one_cm":9776,"minecraft:sneak_time":1886,"minecraft:total_world_time":34793,"minecraft:fly_one_cm":357395},"minecraft:picked_up":{"lightmanscurrency:coin_chocolate_diamond":1,"lightmanscurrency:coin_chocolate_gold":1,"lightmanscurrency:coin_chocolate_netherite":1},"minecraft:used":{"knightquest:water_sword":3,"minecraft:netherite_sword":3,"minecraft:hay_block":1,"lightmanscurrency:coin_chocolate_netherite":1,"lightmanscurrency:card_display_oak_white":3}},"DataVersion":3120}