{"stats":{"minecraft:killed":{"naturalist:snail":1,"grimoireofgaia:kobold":1,"easy_npc:humanoid":5},"minecraft:custom":{"minecraft:time_since_rest":172793,"minecraft:damage_absorbed":240,"minecraft:interact_with_furnace":1,"minecraft:sprint_one_cm":212382,"minecraft:damage_taken":684,"minecraft:walk_one_cm":71745,"minecraft:interact_with_anvil":2,"minecraft:mob_kills":6,"minecraft:drop":2,"minecraft:minecart_one_cm":22140,"minecraft:damage_dealt":507,"minecraft:fly_one_cm":1432088,"minecraft:open_chest":6,"minecraft:crouch_one_cm":1543,"minecraft:play_time":172793,"minecraft:sneak_time":4924,"minecraft:jump":1554,"minecraft:time_since_death":172793,"minecraft:walk_on_water_one_cm":640,"minecraft:total_world_time":172793,"minecraft:climb_one_cm":1374,"minecraft:damage_resisted":90},"minecraft:picked_up":{"epicsamurai:katana":1,"paraglider:heart_container":7,"minecraft:lantern":1,"minecraft:rotten_flesh":1,"lightmanscurrency:coin_chocolate_netherite":1,"minecraft:hay_block":35,"mowziesmobs:ice_crystal":1,"lightmanscurrency:coin_chocolate_diamond":1,"mca:villager_editor":64,"naturalist:snail_shell":1,"lightmanscurrency:coin_chocolate_gold":1},"minecraft:dropped":{"epicsamurai:katana":1,"mowziesmobs:ice_crystal":1},"minecraft:used":{"minecraft:netherite_sword":6,"easy_npc:iron_golem_spawn_egg":1,"minecraft:grass_block":1,"knightquest:water_sword":3,"lightmanscurrency:coin_chocolate_diamond":3,"easy_npc:easy_npc_spawner":4,"minecraft:anvil":1,"minecraft:hay_block":43,"lightmanscurrency:coin_chocolate_netherite":1,"lightmanscurrency:card_display_oak_white":5,"minecraft:lingering_potion":40,"minecraft:enchanted_golden_apple":6,"easy_npc:chicken_spawn_egg":1}},"DataVersion":3120}