{"stats":{"minecraft:killed":{"grimoireofgaia:kobold":1,"easy_npc:humanoid":5},"minecraft:custom":{"minecraft:time_since_rest":148793,"minecraft:open_chest":6,"minecraft:crouch_one_cm":1022,"minecraft:play_time":148793,"minecraft:interact_with_furnace":1,"minecraft:sprint_one_cm":101503,"minecraft:damage_taken":464,"minecraft:walk_one_cm":54540,"minecraft:sneak_time":4461,"minecraft:mob_kills":5,"minecraft:interact_with_anvil":2,"minecraft:drop":2,"minecraft:jump":708,"minecraft:minecart_one_cm":22140,"minecraft:damage_dealt":487,"minecraft:time_since_death":148793,"minecraft:climb_one_cm":1044,"minecraft:total_world_time":148793,"minecraft:fly_one_cm":1081850},"minecraft:picked_up":{"epicsamurai:katana":1,"lightmanscurrency:coin_chocolate_netherite":1,"minecraft:hay_block":35,"mowziesmobs:ice_crystal":1,"lightmanscurrency:coin_chocolate_diamond":1,"paraglider:heart_container":7,"mca:villager_editor":64,"lightmanscurrency:coin_chocolate_gold":1,"minecraft:lantern":1},"minecraft:dropped":{"mowziesmobs:ice_crystal":1,"epicsamurai:katana":1},"minecraft:used":{"minecraft:netherite_sword":6,"minecraft:anvil":1,"minecraft:hay_block":43,"lightmanscurrency:coin_chocolate_netherite":1,"lightmanscurrency:card_display_oak_white":5,"knightquest:water_sword":3,"lightmanscurrency:coin_chocolate_diamond":3,"minecraft:lingering_potion":39,"easy_npc:easy_npc_spawner":2,"easy_npc:chicken_spawn_egg":1}},"DataVersion":3120}