{"stats":{"minecraft:custom":{"minecraft:mob_kills":1,"minecraft:interact_with_anvil":1,"minecraft:traded_with_villager":2,"minecraft:fill_cauldron":1,"minecraft:bell_ring":21,"minecraft:leave_game":2,"minecraft:time_since_death":173551,"minecraft:time_since_rest":173551,"minecraft:sprint_one_cm":26691,"minecraft:damage_taken":50,"minecraft:walk_one_cm":47453,"minecraft:drop":1,"minecraft:damage_dealt":401,"minecraft:fly_one_cm":914799,"minecraft:crouch_one_cm":734,"minecraft:play_time":173551,"minecraft:sneak_time":6570,"minecraft:walk_under_water_one_cm":866,"minecraft:jump":317,"minecraft:walk_on_water_one_cm":1518,"minecraft:total_world_time":173551,"minecraft:fall_one_cm":4118},"minecraft:dropped":{"mowziesmobs:wrought_axe":1},"minecraft:killed":{"grimoireofgaia:satyress":1},"minecraft:picked_up":{"minecraft:wheat":3,"grimoireofgaia:holstaurus_token":1,"mowziesmobs:wrought_axe":1,"minecraft:lantern":2,"minecraft:wheat_seeds":72,"medieval_deco:oaks_figureheads":2,"farmersdelight:black_canvas_sign":1,"grimoireofgaia:weresheep_token":1,"grimoireofgaia:trader_token":1,"farmersdelight:brown_canvas_sign":1},"minecraft:crafted":{"minecraft:bread":2},"minecraft:used":{"minecraft:oak_fence":58,"minecraft:oak_trapdoor":4,"minecraft:wheat_seeds":10,"create:handheld_worldshaper":8,"vampirism:fire_place":2,"minecraft:water_bucket":4,"vampirism:weapon_table":1,"fetzisasiandeco:light_gray_roof_block_long_spruce":15,"mcwfences:oak_picket_fence":4,"minecraft:dirt_path":5,"minecraft:cobblestone_stairs":88,"minecraft:flint_and_steel":2,"farmersdelight:honey_glazed_ham_block":1,"framedblocks:framed_slab":2,"minecraft:oak_planks":133,"smallships:dark_oak_brigg":1,"knightquest:water_sword":8,"cfm:stripped_oak_kitchen_counter":3,"minecraft:stone":3,"minecraft:cauldron":2,"minecraft:bell":2,"minecraft:cobblestone_slab":26,"minecraft:stone_hoe":1,"create:mechanical_bearing":2,"minecraft:oak_door":5,"minecraft:white_wool":1,"medieval_deco:fish_barrel":1,"minecraft:oak_slab":109,"medieval_deco:oaks_figureheads":3,"create:white_sail":76,"create:cogwheel":8,"fetzisasiandeco:light_gray_roof_slab_spruce":1,"farmersdelight:carrot_crate":3,"minecraft:cobblestone_wall":44,"mcwfences:oak_horse_fence":13,"minecraft:campfire":7,"minecraft:sponge":1,"minecraft:raw_iron_block":1,"farmersdelight:brown_canvas_sign":6,"fetzisasiandeco:light_gray_roof_slab_long_spruce":1,"minecraft:smoker":4,"farmersdelight:black_canvas_sign":1,"minecraft:oak_log":204,"dragonmounts:dragon_egg":1,"fetzisasiandeco:light_gray_roof_block_spruce":3,"create:windmill_bearing":4,"create:wrench":2,"create:gearbox":3,"minecraft:lantern":49,"minecraft:grass_block":37,"minecraft:oak_stairs":240,"mcwfences:oak_stockade_fence":2,"minecraft:string":1,"minecraft:netherite_hoe":6,"farmersdelight:beetroot_crate":2,"create:millstone":3,"fetzisasiandeco:light_gray_roof_top_block_spruce":5,"minecraft:item_frame":7,"medieval_deco:barrel_water":7,"fetzisasiandeco:white_mud_brick_slab_vertical":5,"cfm:stripped_oak_table":13,"minecraft:coal_block":10,"farmersdelight:basket":2,"farmersdelight:cutting_board":1,"minecraft:cobblestone":47,"minecraft:hay_block":7,"create:shaft":10,"framedblocks:framed_divided_panel_vertical":3,"farmersdelight:cooking_pot":1,"cfm:oak_upgraded_gate":2,"minecraft:stripped_oak_log":10,"create:vertical_gearbox":1,"minecraft:coarse_dirt":1,"farmersdelight:potato_crate":1,"create:large_cogwheel":4}},"DataVersion":3120}