{"stats":{"minecraft:custom":{"minecraft:time_since_rest":60098,"minecraft:crouch_one_cm":1129,"minecraft:sprint_one_cm":3806,"minecraft:play_time":60098,"minecraft:walk_one_cm":24769,"minecraft:sneak_time":2691,"minecraft:drop":4,"minecraft:aviate_one_cm":398933,"minecraft:jump":196,"minecraft:leave_game":2,"minecraft:time_since_death":60098,"minecraft:climb_one_cm":1266,"minecraft:total_world_time":60098,"minecraft:fly_one_cm":223024},"minecraft:used":{"ad_astra:red_flag":16,"minecraft:bedrock":4,"born_in_chaos_v1:zombie_lumberjack_spawn_egg":1,"born_in_chaos_v1:skeleton_demoman_spawn_egg":1,"quark:hollow_oak_log":48,"minecraft:flint_and_steel":3,"ad_astra:radio":2,"stalwart_dungeons:obsidian_striker":1,"born_in_chaos_v1:lord_pumpkinhead_spawn_egg":1,"ad_astra:tier_4_rocket":9,"minecraft:obsidian":39,"born_in_chaos_v1:spawn_structures_firewell":1,"ad_astra:tier_1_rover":1,"ad_astra:launch_pad":6,"ad_astra:iron_panel":21},"minecraft:picked_up":{"ad_astra:launch_pad":2,"ad_astra:iron_pillar":16,"hangglider:hang_glider":2,"alexsmobs:animal_dictionary":1},"minecraft:dropped":{"alexsmobs:animal_dictionary":1,"ad_astra:radio":1,"ad_astra:tier_4_rocket":1,"born_in_chaos_v1:lord_pumpkinhead_spawn_egg":1}},"DataVersion":3465}