{"stats":{"minecraft:killed":{"grimoireofgaia:kobold":1},"minecraft:custom":{"minecraft:time_since_rest":124793,"minecraft:open_chest":6,"minecraft:crouch_one_cm":925,"minecraft:play_time":124793,"minecraft:interact_with_furnace":1,"minecraft:sprint_one_cm":88959,"minecraft:walk_one_cm":37749,"minecraft:sneak_time":4185,"minecraft:interact_with_anvil":2,"minecraft:jump":534,"minecraft:minecart_one_cm":22140,"minecraft:damage_dealt":431,"minecraft:time_since_death":124793,"minecraft:climb_one_cm":1044,"minecraft:total_world_time":124793,"minecraft:fly_one_cm":981791},"minecraft:picked_up":{"lightmanscurrency:coin_chocolate_netherite":1,"minecraft:hay_block":35,"lightmanscurrency:coin_chocolate_diamond":1,"paraglider:heart_container":7,"mca:villager_editor":64,"lightmanscurrency:coin_chocolate_gold":1},"minecraft:used":{"minecraft:netherite_sword":3,"minecraft:anvil":1,"minecraft:hay_block":43,"lightmanscurrency:coin_chocolate_netherite":1,"lightmanscurrency:card_display_oak_white":5,"knightquest:water_sword":3,"lightmanscurrency:coin_chocolate_diamond":3,"minecraft:lingering_potion":7}},"DataVersion":3120}