{"stats":{"minecraft:custom":{"minecraft:jump":20,"minecraft:time_since_rest":24435,"minecraft:crouch_one_cm":257,"minecraft:leave_game":1,"minecraft:play_time":24435,"minecraft:sprint_one_cm":94,"minecraft:time_since_death":24435,"minecraft:walk_one_cm":6952,"minecraft:sneak_time":1334,"minecraft:total_world_time":24435,"minecraft:drop":3,"minecraft:fly_one_cm":139830},"minecraft:used":{"born_in_chaos_v1:lord_pumpkinhead_spawn_egg":1,"born_in_chaos_v1:skeleton_demoman_spawn_egg":1,"born_in_chaos_v1:zombie_lumberjack_spawn_egg":1,"ad_astra:tier_4_rocket":4,"ad_astra:iron_panel":18,"born_in_chaos_v1:spawn_structures_firewell":1,"ad_astra:launch_pad":2},"minecraft:picked_up":{"ad_astra:iron_pillar":16,"alexsmobs:animal_dictionary":1},"minecraft:dropped":{"alexsmobs:animal_dictionary":1,"ad_astra:tier_4_rocket":1,"born_in_chaos_v1:lord_pumpkinhead_spawn_egg":1}},"DataVersion":3465}