{"stats":{"minecraft:custom":{"minecraft:jump":11,"minecraft:time_since_rest":3903,"minecraft:sprint_one_cm":94,"minecraft:play_time":3903,"minecraft:time_since_death":3903,"minecraft:walk_one_cm":3199,"minecraft:sneak_time":77,"minecraft:total_world_time":3903,"minecraft:fly_one_cm":6704},"minecraft:used":{"born_in_chaos_v1:skeleton_demoman_spawn_egg":1,"born_in_chaos_v1:zombie_lumberjack_spawn_egg":1,"born_in_chaos_v1:lord_pumpkinhead_spawn_egg":1,"born_in_chaos_v1:spawn_structures_firewell":1}},"DataVersion":3465}