{"stats":{"minecraft:custom":{"minecraft:time_since_rest":75578,"minecraft:crouch_one_cm":2917,"minecraft:sprint_one_cm":8046,"minecraft:play_time":75578,"minecraft:walk_one_cm":38291,"minecraft:sneak_time":3296,"minecraft:drop":5,"minecraft:aviate_one_cm":912738,"minecraft:jump":272,"minecraft:leave_game":3,"minecraft:time_since_death":75578,"minecraft:climb_one_cm":11802,"minecraft:total_world_time":75578,"minecraft:fly_one_cm":293686},"minecraft:used":{"ad_astra:red_flag":22,"minecraft:bedrock":4,"ad_astra:black_flag":17,"born_in_chaos_v1:zombie_lumberjack_spawn_egg":1,"born_in_chaos_v1:skeleton_demoman_spawn_egg":1,"quark:hollow_oak_log":57,"minecraft:flint_and_steel":3,"ad_astra:radio":2,"stalwart_dungeons:obsidian_striker":1,"born_in_chaos_v1:lord_pumpkinhead_spawn_egg":1,"ad_astra:tier_4_rocket":9,"minecraft:obsidian":39,"born_in_chaos_v1:spawn_structures_firewell":1,"ad_astra:tier_1_rover":1,"ad_astra:launch_pad":6,"ad_astra:iron_panel":21},"minecraft:picked_up":{"ad_astra:launch_pad":2,"ad_astra:iron_pillar":16,"hangglider:hang_glider":2,"alexsmobs:animal_dictionary":1},"minecraft:dropped":{"alexsmobs:animal_dictionary":1,"ad_astra:red_flag":1,"ad_astra:radio":1,"ad_astra:tier_4_rocket":1,"born_in_chaos_v1:lord_pumpkinhead_spawn_egg":1}},"DataVersion":3465}