{
  "minecraft:nether/root": {
    "criteria": {
      "entered_nether": "2019-08-05 17:03:26 +0200"
    },
    "done": true
  },
  "minecraft:story/enter_the_nether": {
    "criteria": {
      "entered_nether": "2019-08-05 17:03:26 +0200"
    },
    "done": true
  },
  "minecraft:adventure/adventuring_time": {
    "criteria": {
      "ice_flats": "2019-04-03 20:53:06 +0200",
      "forest": "2019-04-03 20:49:00 +0200",
      "birch_forest": "2019-04-03 20:49:07 +0200",
      "deep_ocean": "2019-04-03 20:52:55 +0200",
      "beaches": "2019-04-03 20:56:53 +0200",
      "savanna": "2019-04-03 20:51:32 +0200",
      "plains": "2019-04-03 18:43:27 +0200",
      "ice_mountains": "2019-04-03 20:53:22 +0200",
      "redwood_taiga": "2019-04-03 20:56:54 +0200",
      "ocean": "2019-04-03 20:49:03 +0200",
      "extreme_hills": "2019-04-03 20:51:29 +0200",
      "roofed_forest": "2019-04-03 21:00:18 +0200",
      "river": "2019-04-03 20:48:58 +0200",
      "jungle": "2019-04-03 20:57:22 +0200"
    },
    "done": false
  }
}