{
  "minecraft:recipes/tools/fishing_rod": {
    "criteria": {
      "has_string": "2024-08-18 21:01:41 +0000"
    },
    "done": true
  },
  "create:wrench_goggles": {
    "criteria": {
      "0": "2024-08-18 22:09:21 +0000"
    },
    "done": false
  },
  "minecraft:recipes/redstone/lever": {
    "criteria": {
      "has_cobblestone": "2024-08-18 21:31:03 +0000"
    },
    "done": true
  },
  "smallships:recipes/transportation/birch_drakkar": {
    "criteria": {
      "in_water": "2024-08-18 20:45:11 +0000"
    },
    "done": true
  },
  "minecraft:recipes/building_blocks/stone_bricks": {
    "criteria": {
      "has_stone": "2024-08-18 22:02:21 +0000"
    },
    "done": true
  },
  "minecraft:recipes/building_blocks/lime_concrete_powder": {
    "criteria": {
      "has_gravel": "2024-08-18 21:26:01 +0000"
    },
    "done": true
  },
  "minecraft:recipes/building_blocks/yellow_concrete_powder": {
    "criteria": {
      "has_gravel": "2024-08-18 21:26:01 +0000"
    },
    "done": true
  },
  "farmersdelight:main/place_cooking_pot": {
    "criteria": {
      "cooking_pot": "2024-08-18 22:33:08 +0000"
    },
    "done": true
  },
  "cfm:recipes/cfm/stripped_birch_kitchen_sink_light": {
    "criteria": {
      "has_bucket": "2024-08-18 22:27:24 +0000"
    },
    "done": true
  },
  "minecraft:recipes/decorations/crafting_table": {
    "criteria": {
      "has_planks": "2024-08-18 20:56:21 +0000"
    },
    "done": true
  },
  "minecraft:recipes/building_blocks/magenta_wool": {
    "criteria": {
      "has_white_wool": "2024-08-18 22:09:53 +0000"
    },
    "done": true
  },
  "smallships:recipes/transportation/birch_cog": {
    "criteria": {
      "in_water": "2024-08-18 20:45:11 +0000"
    },
    "done": true
  },
  "create:recipes/create.palettes/crafting/kinetics/light_gray_seat": {
    "criteria": {
      "has_wool": "2024-08-18 22:09:53 +0000"
    },
    "done": true
  },
  "create:super_glue": {
    "criteria": {
      "0": "2024-08-18 22:03:29 +0000"
    },
    "done": true
  },
  "farmersdelight:recipes/farmersdelight/pie_crust": {
    "criteria": {
      "has_wheat": "2024-08-18 22:10:47 +0000"
    },
    "done": true
  },
  "minecraft:recipes/decorations/chest": {
    "criteria": {
      "has_lots_of_items": "2024-08-18 20:46:49 +0000"
    },
    "done": true
  },
  "vampirism:recipes/vampirism/hunter/cross": {
    "criteria": {
      "has_planks": "2024-08-18 20:56:21 +0000"
    },
    "done": true
  },
  "minecraft:recipes/building_blocks/chiseled_stone_bricks_stone_from_stonecutting": {
    "criteria": {
      "has_stone": "2024-08-18 22:02:21 +0000"
    },
    "done": true
  },
  "minecraft:recipes/transportation/mangrove_boat": {
    "criteria": {
      "in_water": "2024-08-18 20:45:11 +0000"
    },
    "done": true
  },
  "cfm:recipes/cfm/mangrove_upgraded_gate": {
    "criteria": {
      "has_gate": "2024-08-18 22:12:06 +0000"
    },
    "done": true
  },
  "framedblocks:recipes/framed_blocks/framed_iron_trapdoor": {
    "criteria": {
      "hasFramedTrapdoor": "2024-08-18 22:16:55 +0000"
    },
    "done": true
  },
  "farmersdelight:recipes/misc/iron_nugget_from_blasting_knife": {
    "criteria": {
      "has_iron_knife": "2024-08-18 22:34:20 +0000"
    },
    "done": true
  },
  "mcwfences:recipes/stone": {
    "criteria": {
      "has_stone": "2024-08-18 20:05:38 +0000"
    },
    "done": true
  },
  "farmersdelight:recipes/farmersdelight/stove": {
    "criteria": {
      "has_campfire": "2024-08-18 22:16:29 +0000"
    },
    "done": true
  },
  "minecraft:recipes/misc/stick": {
    "criteria": {
      "has_planks": "2024-08-18 20:56:21 +0000"
    },
    "done": true
  },
  "smallships:recipes/transportation/acacia_galley": {
    "criteria": {
      "in_water": "2024-08-18 20:45:11 +0000"
    },
    "done": true
  },
  "minecraft:recipes/building_blocks/stone_brick_slab_from_stone_stonecutting": {
    "criteria": {
      "has_stone": "2024-08-18 22:02:21 +0000"
    },
    "done": true
  },
  "lock_and_key:recipes/key": {
    "criteria": {
      "has_ingot": "2024-08-18 20:05:39 +0000",
      "has_nugget": "2024-08-18 20:05:39 +0000"
    },
    "done": true
  },
  "create:recipes/create.palettes/crafting/kinetics/yellow_seat": {
    "criteria": {
      "has_wool": "2024-08-18 22:09:53 +0000"
    },
    "done": true
  },
  "mcwfences:recipes/jungle": {
    "criteria": {
      "has_jungle": "2024-08-18 20:05:39 +0000"
    },
    "done": true
  },
  "cfm:recipes/cfm/crimson_kitchen_sink_light": {
    "criteria": {
      "has_bucket": "2024-08-18 22:27:24 +0000"
    },
    "done": true
  },
  "minecraft:recipes/building_blocks/emerald_block": {
    "criteria": {
      "has_emerald": "2024-08-18 20:49:29 +0000"
    },
    "done": true
  },
  "cfm:recipes/cfm/stripped_jungle_kitchen_sink_dark": {
    "criteria": {
      "has_bucket": "2024-08-18 22:27:24 +0000"
    },
    "done": true
  },
  "vampirism:recipes/vampirism/general/throne": {
    "criteria": {
      "has_planks": "2024-08-18 20:56:21 +0000"
    },
    "done": true
  },
  "mcwfences:recipes/oak": {
    "criteria": {
      "has_oak": "2024-08-18 20:05:39 +0000"
    },
    "done": true
  },
  "mcwfences:recipes/end": {
    "criteria": {
      "has_end_brick": "2024-08-18 20:05:39 +0000"
    },
    "done": true
  },
  "mcwbridges:recipes/cobblestone_bridge": {
    "criteria": {
      "has_planks": "2024-08-18 21:31:03 +0000"
    },
    "done": true
  },
  "cfm:recipes/cfm/warped_upgraded_gate": {
    "criteria": {
      "has_gate": "2024-08-18 22:12:06 +0000"
    },
    "done": true
  },
  "cfm:recipes/cfm/gray_kitchen_sink": {
    "criteria": {
      "has_bucket": "2024-08-18 22:27:24 +0000"
    },
    "done": true
  },
  "minecraft:recipes/building_blocks/cobblestone_slab": {
    "criteria": {
      "has_cobblestone": "2024-08-18 21:31:03 +0000"
    },
    "done": true
  },
  "cfm:recipes/cfm/oak_bedside_cabinet": {
    "criteria": {
      "has_log": "2024-08-18 20:47:29 +0000"
    },
    "done": true
  },
  "farmersdelight:recipes/food/beetroot_from_crate": {
    "criteria": {
      "has_beetroot_crate": "2024-08-18 22:52:31 +0000"
    },
    "done": true
  },
  "minecraft:recipes/building_blocks/coarse_dirt": {
    "criteria": {
      "has_gravel": "2024-08-18 21:26:01 +0000"
    },
    "done": true
  },
  "create:recipes/create.palettes/crafting/kinetics/lime_seat": {
    "criteria": {
      "has_wool": "2024-08-18 22:09:53 +0000"
    },
    "done": true
  },
  "cfm:recipes/cfm/stripped_jungle_upgraded_gate": {
    "criteria": {
      "has_gate": "2024-08-18 22:12:06 +0000"
    },
    "done": true
  },
  "naturalist:recipes/food/cooked_egg": {
    "criteria": {
      "has_eggs": "2024-08-18 20:05:39 +0000"
    },
    "done": true
  },
  "cfm:recipes/cfm/diving_board": {
    "criteria": {
      "has_wheat": "2024-08-18 22:10:47 +0000"
    },
    "done": true
  },
  "vampirism:recipes/vampirism/vampire/coffin_white": {
    "criteria": {
      "has_wool": "2024-08-18 22:09:53 +0000"
    },
    "done": true
  },
  "minecraft:recipes/building_blocks/light_gray_concrete_powder": {
    "criteria": {
      "has_gravel": "2024-08-18 21:26:01 +0000"
    },
    "done": true
  },
  "cfm:recipes/cfm/orange_picket_gate": {
    "criteria": {
      "has_gate": "2024-08-18 22:12:06 +0000"
    },
    "done": true
  },
  "create:windmill": {
    "criteria": {
      "0": "2024-08-18 22:10:16 +0000"
    },
    "done": true
  },
  "naturalist:recipes/food/cooked_catfish": {
    "criteria": {
      "has_catfish": "2024-08-18 20:57:18 +0000"
    },
    "done": true
  },
  "cfm:recipes/cfm/black_kitchen_sink": {
    "criteria": {
      "has_bucket": "2024-08-18 22:27:24 +0000"
    },
    "done": true
  },
  "cfm:recipes/cfm/jungle_kitchen_sink_light": {
    "criteria": {
      "has_bucket": "2024-08-18 22:27:24 +0000"
    },
    "done": true
  },
  "minecraft:recipes/building_blocks/pink_concrete_powder": {
    "criteria": {
      "has_gravel": "2024-08-18 21:26:01 +0000"
    },
    "done": true
  },
  "minecraft:recipes/building_blocks/stone_stairs_from_stone_stonecutting": {
    "criteria": {
      "has_stone": "2024-08-18 22:02:21 +0000"
    },
    "done": true
  },
  "knightquest:recipes/misc/enderman_chestplate": {
    "criteria": {
      "has_grass_block": "2024-08-18 21:05:30 +0000"
    },
    "done": true
  },
  "cfm:recipes/cfm/spruce_kitchen_sink_dark": {
    "criteria": {
      "has_bucket": "2024-08-18 22:27:24 +0000"
    },
    "done": true
  },
  "cfm:recipes/cfm/dark_oak_kitchen_sink_dark": {
    "criteria": {
      "has_bucket": "2024-08-18 22:27:24 +0000"
    },
    "done": true
  },
  "vampirism:recipes/vampirism/general/blood_grinder": {
    "criteria": {
      "has_hopper": "2024-08-18 20:51:44 +0000"
    },
    "done": true
  },
  "smallships:recipes/transportation/oak_brigg": {
    "criteria": {
      "in_water": "2024-08-18 20:45:11 +0000"
    },
    "done": true
  },
  "cfm:recipes/cfm/purple_kitchen_sink": {
    "criteria": {
      "has_bucket": "2024-08-18 22:27:24 +0000"
    },
    "done": true
  },
  "minecraft:recipes/building_blocks/blue_wool": {
    "criteria": {
      "has_white_wool": "2024-08-18 22:09:53 +0000"
    },
    "done": true
  },
  "smallships:recipes/transportation/birch_galley": {
    "criteria": {
      "in_water": "2024-08-18 20:45:11 +0000"
    },
    "done": true
  },
  "cfm:recipes/cfm/stripped_oak_blinds": {
    "criteria": {
      "has_log": "2024-08-18 22:02:13 +0000"
    },
    "done": true
  },
  "cfm:recipes/cfm/stripped_dark_oak_upgraded_gate": {
    "criteria": {
      "has_gate": "2024-08-18 22:12:06 +0000"
    },
    "done": true
  },
  "cfm:recipes/cfm/mangrove_kitchen_sink_light": {
    "criteria": {
      "has_bucket": "2024-08-18 22:27:24 +0000"
    },
    "done": true
  },
  "cfm:recipes/cfm/dark_oak_kitchen_sink_light": {
    "criteria": {
      "has_bucket": "2024-08-18 22:27:24 +0000"
    },
    "done": true
  },
  "minecraft:recipes/brewing/cauldron": {
    "criteria": {
      "has_water_bucket": "2024-08-18 21:31:27 +0000"
    },
    "done": true
  },
  "minecraft:recipes/decorations/armor_stand": {
    "criteria": {
      "has_stone_slab": "2024-08-18 20:58:44 +0000"
    },
    "done": true
  },
  "knightquest:recipes/misc/bow_leggings": {
    "criteria": {
      "has_water_bucket": "2024-08-18 21:31:27 +0000"
    },
    "done": true
  },
  "minecraft:recipes/building_blocks/cobblestone_slab_from_cobblestone_stonecutting": {
    "criteria": {
      "has_cobblestone": "2024-08-18 21:31:03 +0000"
    },
    "done": true
  },
  "farmersdelight:main/place_feast": {
    "criteria": {
      "honey_glazed_ham": "2024-08-18 22:36:18 +0000"
    },
    "done": true
  },
  "create:recipes/create.palettes/crafting/kinetics/red_seat": {
    "criteria": {
      "has_wool": "2024-08-18 22:09:53 +0000"
    },
    "done": true
  },
  "knightquest:recipes/misc/path_boots": {
    "criteria": {
      "has_coarse_dirt": "2024-08-18 21:25:14 +0000"
    },
    "done": true
  },
  "minecraft:recipes/building_blocks/oak_stairs": {
    "criteria": {
      "has_planks": "2024-08-18 20:56:21 +0000"
    },
    "done": true
  },
  "cfm:recipes/cfm/oak_kitchen_drawer": {
    "criteria": {
      "has_log": "2024-08-18 20:47:29 +0000"
    },
    "done": true
  },
  "cfm:recipes/cfm/red_picket_gate": {
    "criteria": {
      "has_gate": "2024-08-18 22:12:06 +0000"
    },
    "done": true
  },
  "cfm:recipes/cfm/stripped_oak_coffee_table": {
    "criteria": {
      "has_planks": "2024-08-18 20:47:29 +0000"
    },
    "done": true
  },
  "cfm:recipes/cfm/stripped_oak_cabinet": {
    "criteria": {
      "has_log": "2024-08-18 20:47:29 +0000"
    },
    "done": true
  },
  "minecraft:recipes/transportation/acacia_boat": {
    "criteria": {
      "in_water": "2024-08-18 20:45:11 +0000"
    },
    "done": true
  },
  "knightquest:recipes/misc/chainmail_helmet2": {
    "criteria": {
      "has_wheat_seeds": "2024-08-18 21:07:32 +0000"
    },
    "done": true
  },
  "minecraft:recipes/building_blocks/ice_from_freezing": {
    "criteria": {
      "has_water": "2024-08-18 21:31:27 +0000"
    },
    "done": true
  },
  "minecraft:adventure/root": {
    "criteria": {
      "killed_something": "2024-08-18 21:34:23 +0000"
    },
    "done": true
  },
  "knightquest:recipes/misc/silverfish_boots": {
    "criteria": {
      "has_stone": "2024-08-18 22:02:21 +0000"
    },
    "done": true
  },
  "mcwfences:recipes/bamboo": {
    "criteria": {
      "has_bamboo": "2024-08-18 20:05:38 +0000"
    },
    "done": true
  },
  "cfm:recipes/cfm/stripped_mangrove_kitchen_sink_dark": {
    "criteria": {
      "has_bucket": "2024-08-18 22:27:24 +0000"
    },
    "done": true
  },
  "farmersdelight:recipes/food/carrot_from_crate": {
    "criteria": {
      "has_carrot_crate": "2024-08-18 22:52:27 +0000"
    },
    "done": true
  },
  "framedblocks:recipes/framed_blocks/framed_slab_rotate_to_framed_panel": {
    "criteria": {
      "has_framed_slab": "2024-08-18 22:25:23 +0000"
    },
    "done": true
  },
  "knightquest:recipes/misc/veteran_helmet": {
    "criteria": {
      "has_diamond_sword": "2024-08-18 20:08:33 +0000"
    },
    "done": true
  },
  "minecraft:recipes/building_blocks/white_concrete_powder": {
    "criteria": {
      "has_gravel": "2024-08-18 21:26:01 +0000"
    },
    "done": true
  },
  "minecraft:recipes/building_blocks/stone_brick_stairs_from_stone_stonecutting": {
    "criteria": {
      "has_stone": "2024-08-18 22:02:21 +0000"
    },
    "done": true
  },
  "knightquest:recipes/misc/uchigatana_katana": {
    "criteria": {
      "has_diamond_sword": "2024-08-18 20:08:33 +0000"
    },
    "done": true
  },
  "minecraft:recipes/building_blocks/white_wool_from_string": {
    "criteria": {
      "has_string": "2024-08-18 21:01:41 +0000"
    },
    "done": true
  },
  "cfm:recipes/cfm/stripped_oak_desk_cabinet": {
    "criteria": {
      "has_planks": "2024-08-18 20:47:29 +0000"
    },
    "done": true
  },
  "vampirism:recipes/vampirism/general/blood_sieve": {
    "criteria": {
      "has_cauldron": "2024-08-18 22:27:08 +0000"
    },
    "done": true
  },
  "knightquest:recipes/misc/enderman_helmet": {
    "criteria": {
      "has_grass_block": "2024-08-18 21:05:30 +0000"
    },
    "done": true
  },
  "cfm:recipes/cfm/acacia_kitchen_sink_dark": {
    "criteria": {
      "has_bucket": "2024-08-18 22:27:24 +0000"
    },
    "done": true
  },
  "cfm:recipes/cfm/stripped_spruce_kitchen_sink_light": {
    "criteria": {
      "has_bucket": "2024-08-18 22:27:24 +0000"
    },
    "done": true
  },
  "vampirism:recipes/vampirism/alchemy_table": {
    "criteria": {
      "has_planks": "2024-08-18 20:56:21 +0000"
    },
    "done": true
  },
  "aquaticcraft:aq_ach_bucket": {
    "criteria": {
      "aq_ach_bucket": "2024-08-18 21:31:27 +0000"
    },
    "done": true
  },
  "mcwbridges:recipes/cobblestone_bridge_stair": {
    "criteria": {
      "has_planks": "2024-08-18 21:31:03 +0000"
    },
    "done": true
  },
  "smallships:recipes/transportation/spruce_brigg": {
    "criteria": {
      "in_water": "2024-08-18 20:45:11 +0000"
    },
    "done": true
  },
  "mcwbridges:recipes/balustrade_cobblestone_bridge": {
    "criteria": {
      "has_planks": "2024-08-18 21:31:03 +0000"
    },
    "done": true
  },
  "cfm:recipes/cfm/blue_kitchen_sink": {
    "criteria": {
      "has_bucket": "2024-08-18 22:27:24 +0000"
    },
    "done": true
  },
  "create:recipes/create.base/crafting/kinetics/gearboxfrom_conversion": {
    "criteria": {
      "has_item": "2024-08-18 21:50:39 +0000"
    },
    "done": true
  },
  "minecraft:recipes/decorations/oak_fence": {
    "criteria": {
      "has_planks": "2024-08-18 20:56:21 +0000"
    },
    "done": true
  },
  "knightquest:recipes/misc/strawhat_boots": {
    "criteria": {
      "has_white_wool": "2024-08-18 22:09:53 +0000"
    },
    "done": true
  },
  "smallships:recipes/transportation/spruce_cog": {
    "criteria": {
      "in_water": "2024-08-18 20:45:11 +0000"
    },
    "done": true
  },
  "minecraft:recipes/food/cooked_cod_from_campfire_cooking": {
    "criteria": {
      "has_cod": "2024-08-18 20:48:50 +0000"
    },
    "done": true
  },
  "smallships:recipes/transportation/mangrove_drakkar": {
    "criteria": {
      "in_water": "2024-08-18 20:45:11 +0000"
    },
    "done": true
  },
  "minecraft:recipes/building_blocks/orange_concrete_powder": {
    "criteria": {
      "has_gravel": "2024-08-18 21:26:01 +0000"
    },
    "done": true
  },
  "minecraft:recipes/building_blocks/oak_slab": {
    "criteria": {
      "has_planks": "2024-08-18 20:56:21 +0000"
    },
    "done": true
  },
  "mca:recipes/building_blocks/headstones": {
    "criteria": {
      "has_ingredients": "2024-08-18 21:31:03 +0000"
    },
    "done": true
  },
  "cfm:recipes/cfm/stripped_oak_park_bench": {
    "criteria": {
      "has_log": "2024-08-18 20:47:29 +0000"
    },
    "done": true
  },
  "cfm:recipes/cfm/stripped_oak_upgraded_fence": {
    "criteria": {
      "has_log": "2024-08-18 22:02:13 +0000"
    },
    "done": true
  },
  "mcwfences:recipes/deepslate": {
    "criteria": {
      "has_deepslate": "2024-08-18 20:05:39 +0000"
    },
    "done": true
  },
  "framedblocks:recipes/framed_blocks/framed_cube": {
    "criteria": {
      "hasPlanks": "2024-08-18 20:56:21 +0000"
    },
    "done": true
  },
  "minecraft:recipes/building_blocks/black_wool": {
    "criteria": {
      "has_white_wool": "2024-08-18 22:09:53 +0000"
    },
    "done": true
  },
  "cfm:recipes/cfm/stripped_crimson_kitchen_sink_light": {
    "criteria": {
      "has_bucket": "2024-08-18 22:27:24 +0000"
    },
    "done": true
  },
  "smallships:recipes/transportation/acacia_cog": {
    "criteria": {
      "in_water": "2024-08-18 20:45:11 +0000"
    },
    "done": true
  },
  "cfm:recipes/cfm/stripped_mangrove_kitchen_sink_light": {
    "criteria": {
      "has_bucket": "2024-08-18 22:27:24 +0000"
    },
    "done": true
  },
  "cfm:recipes/cfm/stripped_oak_kitchen_sink_dark": {
    "criteria": {
      "has_bottom": "2024-08-18 22:02:13 +0000"
    },
    "done": true
  },
  "cfm:recipes/cfm/dark_oak_upgraded_gate": {
    "criteria": {
      "has_gate": "2024-08-18 22:12:06 +0000"
    },
    "done": true
  },
  "mcwfences:recipes/mud_brick": {
    "criteria": {
      "has_qq": "2024-08-18 20:05:39 +0000"
    },
    "done": true
  },
  "farmersdelight:recipes/farmersdelight/cooking/baked_cod_stew": {
    "criteria": {
      "has_any_ingredient": "2024-08-18 20:48:50 +0000"
    },
    "done": true
  },
  "cfm:recipes/cfm/stripped_oak_crate": {
    "criteria": {
      "has_planks": "2024-08-18 20:47:29 +0000"
    },
    "done": true
  },
  "smallships:recipes/transportation/oak_cog": {
    "criteria": {
      "in_water": "2024-08-18 20:45:11 +0000"
    },
    "done": true
  },
  "cfm:recipes/cfm/crimson_kitchen_sink_dark": {
    "criteria": {
      "has_bucket": "2024-08-18 22:27:24 +0000"
    },
    "done": true
  },
  "cfm:recipes/cfm/oak_chair": {
    "criteria": {
      "has_log": "2024-08-18 20:47:29 +0000"
    },
    "done": true
  },
  "framedblocks:recipes/framed_blocks/framed_floor_board": {
    "criteria": {
      "hasFramedSlab": "2024-08-18 22:25:23 +0000"
    },
    "done": true
  },
  "mcwbridges:recipes/oak_bridge_pier": {
    "criteria": {
      "has_planks": "2024-08-18 20:47:29 +0000"
    },
    "done": true
  },
  "mcwfences:recipes/mangrove": {
    "criteria": {
      "has_mangrove": "2024-08-18 20:05:38 +0000"
    },
    "done": true
  },
  "vampirism:recipes/vampirism/general/altar_cleansing": {
    "criteria": {
      "has_vampire_book": "2024-08-18 20:56:21 +0000"
    },
    "done": true
  },
  "mcwfences:recipes/warped": {
    "criteria": {
      "has_warped": "2024-08-18 20:05:38 +0000"
    },
    "done": true
  },
  "mowziesmobs:root": {
    "criteria": {
      "custom_test_name": "2024-08-18 20:05:39 +0000"
    },
    "done": true
  },
  "cfm:recipes/cfm/acacia_kitchen_sink_light": {
    "criteria": {
      "has_bucket": "2024-08-18 22:27:24 +0000"
    },
    "done": true
  },
  "create:recipes/create.palettes/crafting/kinetics/cyan_seat": {
    "criteria": {
      "has_wool": "2024-08-18 22:09:53 +0000"
    },
    "done": true
  },
  "minecraft:recipes/building_blocks/light_blue_wool": {
    "criteria": {
      "has_white_wool": "2024-08-18 22:09:53 +0000"
    },
    "done": true
  },
  "knightquest:recipes/misc/veteran_boots": {
    "criteria": {
      "has_diamond_sword": "2024-08-18 20:08:33 +0000"
    },
    "done": true
  },
  "minecraft:recipes/building_blocks/oak_planks": {
    "criteria": {
      "has_logs": "2024-08-18 20:47:29 +0000"
    },
    "done": true
  },
  "cfm:recipes/cfm/cyan_kitchen_sink": {
    "criteria": {
      "has_bucket": "2024-08-18 22:27:24 +0000"
    },
    "done": true
  },
  "minecraft:husbandry/obtain_netherite_hoe": {
    "criteria": {
      "netherite_hoe": "2024-08-18 22:10:52 +0000"
    },
    "done": true
  },
  "minecraft:recipes/building_blocks/gray_concrete_powder": {
    "criteria": {
      "has_gravel": "2024-08-18 21:26:01 +0000"
    },
    "done": true
  },
  "knightquest:recipes/misc/bow_chestplate": {
    "criteria": {
      "has_water_bucket": "2024-08-18 21:31:27 +0000"
    },
    "done": true
  },
  "knightquest:recipes/misc/bow_helmet": {
    "criteria": {
      "has_water_bucket": "2024-08-18 21:31:27 +0000"
    },
    "done": true
  },
  "knightquest:recipes/misc/strawhat_leggings": {
    "criteria": {
      "has_white_wool": "2024-08-18 22:09:53 +0000"
    },
    "done": true
  },
  "cfm:recipes/cfm/stripped_oak_kitchen_counter": {
    "criteria": {
      "has_log": "2024-08-18 20:47:29 +0000"
    },
    "done": true
  },
  "create:recipes/create.palettes/crafting/kinetics/magenta_seat": {
    "criteria": {
      "has_wool": "2024-08-18 22:09:53 +0000"
    },
    "done": true
  },
  "vampirism:recipes/vampirism/general/vampire_rack": {
    "criteria": {
      "has_planks": "2024-08-18 20:56:21 +0000"
    },
    "done": true
  },
  "cfm:recipes/cfm/green_kitchen_sink": {
    "criteria": {
      "has_bucket": "2024-08-18 22:27:24 +0000"
    },
    "done": true
  },
  "minecraft:recipes/redstone/tripwire_hook": {
    "criteria": {
      "has_string": "2024-08-18 21:01:41 +0000"
    },
    "done": true
  },
  "vampirism:recipes/vampirism/vampire/candelabra": {
    "criteria": {
      "has_string": "2024-08-18 21:01:41 +0000"
    },
    "done": true
  },
  "cfm:recipes/cfm/stripped_acacia_kitchen_sink_dark": {
    "criteria": {
      "has_bucket": "2024-08-18 22:27:24 +0000"
    },
    "done": true
  },
  "minecraft:recipes/building_blocks/black_concrete_powder": {
    "criteria": {
      "has_gravel": "2024-08-18 21:26:01 +0000"
    },
    "done": true
  },
  "knightquest:recipes/misc/uchigatana": {
    "criteria": {
      "has_diamond_sword": "2024-08-18 20:08:33 +0000"
    },
    "done": true
  },
  "minecraft:recipes/redstone/stone_button": {
    "criteria": {
      "has_stone": "2024-08-18 22:02:21 +0000"
    },
    "done": true
  },
  "minecraft:recipes/combat/crossbow": {
    "criteria": {
      "has_string": "2024-08-18 21:01:41 +0000"
    },
    "done": true
  },
  "minecraft:recipes/building_blocks/yellow_wool": {
    "criteria": {
      "has_white_wool": "2024-08-18 22:09:53 +0000"
    },
    "done": true
  },
  "create:recipes/create.palettes/crafting/kinetics/orange_seat": {
    "criteria": {
      "has_wool": "2024-08-18 22:09:53 +0000"
    },
    "done": true
  },
  "minecraft:recipes/decorations/oak_sign": {
    "criteria": {
      "has_planks": "2024-08-18 20:56:21 +0000"
    },
    "done": true
  },
  "farmersdelight:recipes/farmersdelight/cooking/fish_stew": {
    "criteria": {
      "has_any_ingredient": "2024-08-18 20:48:50 +0000"
    },
    "done": true
  },
  "minecraft:recipes/redstone/oak_trapdoor": {
    "criteria": {
      "has_planks": "2024-08-18 20:56:21 +0000"
    },
    "done": true
  },
  "minecraft:recipes/building_blocks/red_concrete_powder": {
    "criteria": {
      "has_gravel": "2024-08-18 21:26:01 +0000"
    },
    "done": true
  },
  "cfm:recipes/cfm/stripped_oak_desk": {
    "criteria": {
      "has_planks": "2024-08-18 20:47:29 +0000"
    },
    "done": true
  },
  "knightquest:recipes/misc/path_chestplate": {
    "criteria": {
      "has_coarse_dirt": "2024-08-18 21:25:14 +0000"
    },
    "done": true
  },
  "knightquest:recipes/misc/bamboo_green_boots": {
    "criteria": {
      "has_emerald": "2024-08-18 20:49:29 +0000"
    },
    "done": true
  },
  "lootr:root": {
    "criteria": {
      "always_true": "2024-08-18 20:05:39 +0000"
    },
    "done": true
  },
  "smallships:recipes/combat/cannon": {
    "criteria": {
      "has_ship": "2024-08-18 21:08:19 +0000"
    },
    "done": true
  },
  "cfm:recipes/cfm/stripped_birch_kitchen_sink_dark": {
    "criteria": {
      "has_bucket": "2024-08-18 22:27:24 +0000"
    },
    "done": true
  },
  "gothic:adv_root": {
    "criteria": {
      "adv_root": "2024-08-18 20:05:38 +0000"
    },
    "done": true
  },
  "mcwfences:recipes/blackstone": {
    "criteria": {
      "has_blackstone": "2024-08-18 20:05:39 +0000"
    },
    "done": true
  },
  "minecraft:recipes/building_blocks/stone": {
    "criteria": {
      "has_cobblestone": "2024-08-18 21:31:03 +0000"
    },
    "done": true
  },
  "smallships:recipes/transportation/oak_drakkar": {
    "criteria": {
      "in_water": "2024-08-18 20:45:11 +0000"
    },
    "done": true
  },
  "minecraft:recipes/decorations/stonecutter": {
    "criteria": {
      "has_stone": "2024-08-18 22:02:21 +0000"
    },
    "done": true
  },
  "minecraft:adventure/adventuring_time": {
    "criteria": {
      "minecraft:beach": "2024-08-18 20:06:36 +0000",
      "minecraft:river": "2024-08-18 20:44:59 +0000",
      "minecraft:stony_shore": "2024-08-18 20:45:00 +0000",
      "minecraft:cold_ocean": "2024-08-18 20:45:04 +0000",
      "minecraft:forest": "2024-08-18 20:05:40 +0000",
      "minecraft:plains": "2024-08-18 20:45:38 +0000"
    },
    "done": false
  },
  "cfm:recipes/cfm/cyan_picket_gate": {
    "criteria": {
      "has_gate": "2024-08-18 22:12:06 +0000"
    },
    "done": true
  },
  "cfm:recipes/cfm/stripped_crimson_kitchen_sink_dark": {
    "criteria": {
      "has_bucket": "2024-08-18 22:27:24 +0000"
    },
    "done": true
  },
  "smallships:recipes/transportation/dark_oak_drakkar": {
    "criteria": {
      "in_water": "2024-08-18 20:45:11 +0000"
    },
    "done": true
  },
  "minecraft:recipes/combat/stone_sword": {
    "criteria": {
      "has_cobblestone": "2024-08-18 21:31:03 +0000"
    },
    "done": true
  },
  "vampirism:recipes/food/general/garlic_bread": {
    "criteria": {
      "has_bread": "2024-08-18 22:59:51 +0000"
    },
    "done": true
  },
  "minecraft:recipes/decorations/barrel": {
    "criteria": {
      "has_planks": "2024-08-18 20:56:21 +0000"
    },
    "done": true
  },
  "minecraft:recipes/decorations/cobblestone_wall": {
    "criteria": {
      "has_cobblestone": "2024-08-18 21:31:03 +0000"
    },
    "done": true
  },
  "cfm:recipes/cfm/jungle_upgraded_gate": {
    "criteria": {
      "has_gate": "2024-08-18 22:12:06 +0000"
    },
    "done": true
  },
  "cfm:recipes/cfm/acacia_upgraded_gate": {
    "criteria": {
      "has_gate": "2024-08-18 22:12:06 +0000"
    },
    "done": true
  },
  "cfm:recipes/cfm/stripped_acacia_kitchen_sink_light": {
    "criteria": {
      "has_bucket": "2024-08-18 22:27:24 +0000"
    },
    "done": true
  },
  "minecraft:recipes/tools/stone_pickaxe": {
    "criteria": {
      "has_cobblestone": "2024-08-18 21:31:03 +0000"
    },
    "done": true
  },
  "vampirism:recipes/vampirism/dark_spruce_boat": {
    "criteria": {
      "in_water": "2024-08-18 20:45:11 +0000"
    },
    "done": true
  },
  "cfm:recipes/cfm/oak_desk_cabinet": {
    "criteria": {
      "has_log": "2024-08-18 20:47:29 +0000"
    },
    "done": true
  },
  "minecraft:recipes/redstone/stone_pressure_plate": {
    "criteria": {
      "has_stone": "2024-08-18 22:02:21 +0000"
    },
    "done": true
  },
  "minecraft:husbandry/plant_seed": {
    "criteria": {
      "wheat": "2024-08-18 22:10:59 +0000"
    },
    "done": true
  },
  "smallships:recipes/misc/sail": {
    "criteria": {
      "in_water": "2024-08-18 20:45:11 +0000"
    },
    "done": true
  },
  "minecraft:recipes/decorations/cobblestone_wall_from_cobblestone_stonecutting": {
    "criteria": {
      "has_cobblestone": "2024-08-18 21:31:03 +0000"
    },
    "done": true
  },
  "knightquest:recipes/misc/silverfish_helmet": {
    "criteria": {
      "has_stone": "2024-08-18 22:02:21 +0000"
    },
    "done": true
  },
  "vampirism:recipes/vampirism/alchemy_table/plant_oil": {
    "criteria": {
      "has_wheat_seeds": "2024-08-18 21:07:32 +0000"
    },
    "done": true
  },
  "cfm:recipes/cfm/gray_picket_gate": {
    "criteria": {
      "has_gate": "2024-08-18 22:12:06 +0000"
    },
    "done": true
  },
  "cfm:recipes/cfm/crimson_upgraded_gate": {
    "criteria": {
      "has_gate": "2024-08-18 22:12:06 +0000"
    },
    "done": true
  },
  "smallships:recipes/transportation/oak_galley": {
    "criteria": {
      "in_water": "2024-08-18 20:45:11 +0000"
    },
    "done": true
  },
  "cfm:recipes/cfm/warped_kitchen_sink_light": {
    "criteria": {
      "has_bucket": "2024-08-18 22:27:24 +0000"
    },
    "done": true
  },
  "minecraft:recipes/misc/raw_iron": {
    "criteria": {
      "has_raw_iron_block": "2024-08-18 22:27:40 +0000"
    },
    "done": true
  },
  "minecraft:recipes/building_blocks/stripped_oak_wood": {
    "criteria": {
      "has_log": "2024-08-18 22:02:13 +0000"
    },
    "done": true
  },
  "smallships:recipes/transportation/mangrove_brigg": {
    "criteria": {
      "in_water": "2024-08-18 20:45:11 +0000"
    },
    "done": true
  },
  "vampirism:recipes/vampirism/vampire/chandelier": {
    "criteria": {
      "has_string": "2024-08-18 21:01:41 +0000"
    },
    "done": true
  },
  "farmersdelight:main/craft_knife": {
    "criteria": {
      "iron_knife": "2024-08-18 22:34:20 +0000"
    },
    "done": true
  },
  "grimoireofgaia:main/root": {
    "criteria": {
      "join": "2024-08-18 20:05:39 +0000"
    },
    "done": true
  },
  "minecraft:recipes/food/cooked_cod_from_smoking": {
    "criteria": {
      "has_cod": "2024-08-18 20:48:50 +0000"
    },
    "done": true
  },
  "mcwfences:recipes/dark_oak": {
    "criteria": {
      "has_dark_oak": "2024-08-18 20:05:39 +0000"
    },
    "done": true
  },
  "framedblocks:recipes/framed_blocks/framed_wall_board": {
    "criteria": {
      "hasFramedPanel": "2024-08-18 21:53:26 +0000"
    },
    "done": true
  },
  "cfm:recipes/cfm/jungle_kitchen_sink_dark": {
    "criteria": {
      "has_bucket": "2024-08-18 22:27:24 +0000"
    },
    "done": true
  },
  "knightquest:recipes/misc/strawhat_chestplate": {
    "criteria": {
      "has_white_wool": "2024-08-18 22:09:53 +0000"
    },
    "done": true
  },
  "create:recipes/create.base/crafting/kinetics/vertical_gearboxfrom_conversion": {
    "criteria": {
      "has_item": "2024-08-18 21:50:20 +0000"
    },
    "done": true
  },
  "cfm:recipes/cfm/stripped_spruce_kitchen_sink_dark": {
    "criteria": {
      "has_bucket": "2024-08-18 22:27:24 +0000"
    },
    "done": true
  },
  "cfm:recipes/cfm/light_blue_kitchen_sink": {
    "criteria": {
      "has_bucket": "2024-08-18 22:27:24 +0000"
    },
    "done": true
  },
  "minecraft:recipes/building_blocks/light_gray_wool": {
    "criteria": {
      "has_white_wool": "2024-08-18 22:09:53 +0000"
    },
    "done": true
  },
  "minecraft:recipes/building_blocks/red_wool": {
    "criteria": {
      "has_white_wool": "2024-08-18 22:09:53 +0000"
    },
    "done": true
  },
  "vampirism:recipes/vampirism/general/tombstone2": {
    "criteria": {
      "has_coble": "2024-08-18 21:31:03 +0000"
    },
    "done": true
  },
  "minecraft:recipes/tools/stone_axe": {
    "criteria": {
      "has_cobblestone": "2024-08-18 21:31:03 +0000"
    },
    "done": true
  },
  "cfm:recipes/cfm/stripped_oak_upgraded_gate": {
    "criteria": {
      "has_log": "2024-08-18 22:02:13 +0000"
    },
    "done": true
  },
  "cfm:recipes/cfm/stripped_dark_oak_kitchen_sink_dark": {
    "criteria": {
      "has_bucket": "2024-08-18 22:27:24 +0000"
    },
    "done": true
  },
  "minecraft:recipes/food/cooked_cod_from_grill_cooking": {
    "criteria": {
      "has_cod": "2024-08-18 20:48:50 +0000"
    },
    "done": true
  },
  "cfm:recipes/cfm/yellow_kitchen_sink": {
    "criteria": {
      "has_bucket": "2024-08-18 22:27:24 +0000"
    },
    "done": true
  },
  "cfm:recipes/cfm/birch_kitchen_sink_dark": {
    "criteria": {
      "has_bucket": "2024-08-18 22:27:24 +0000"
    },
    "done": true
  },
  "framedblocks:recipes/framed_blocks/framed_slab_edge": {
    "criteria": {
      "hasFramedSlab": "2024-08-18 22:25:23 +0000"
    },
    "done": true
  },
  "farmersdelight:recipes/farmersdelight/wheat_dough_from_eggs": {
    "criteria": {
      "has_wheat": "2024-08-18 22:10:47 +0000"
    },
    "done": true
  },
  "cfm:recipes/cfm/white_kitchen_sink": {
    "criteria": {
      "has_bucket": "2024-08-18 22:27:24 +0000"
    },
    "done": true
  },
  "minecraft:recipes/building_blocks/purple_wool": {
    "criteria": {
      "has_white_wool": "2024-08-18 22:09:53 +0000"
    },
    "done": true
  },
  "cfm:recipes/cfm/stripped_dark_oak_kitchen_sink_light": {
    "criteria": {
      "has_bucket": "2024-08-18 22:27:24 +0000"
    },
    "done": true
  },
  "minecraft:recipes/building_blocks/cobblestone_stairs_from_cobblestone_stonecutting": {
    "criteria": {
      "has_cobblestone": "2024-08-18 21:31:03 +0000"
    },
    "done": true
  },
  "minecraft:recipes/building_blocks/magenta_concrete_powder": {
    "criteria": {
      "has_gravel": "2024-08-18 21:26:01 +0000"
    },
    "done": true
  },
  "knightquest:recipes/misc/enderman_boots": {
    "criteria": {
      "has_grass_block": "2024-08-18 21:05:30 +0000"
    },
    "done": true
  },
  "smallships:recipes/transportation/jungle_drakkar": {
    "criteria": {
      "in_water": "2024-08-18 20:45:11 +0000"
    },
    "done": true
  },
  "cfm:recipes/cfm/birch_kitchen_sink_light": {
    "criteria": {
      "has_bucket": "2024-08-18 22:27:24 +0000"
    },
    "done": true
  },
  "cfm:recipes/cfm/red_kitchen_sink": {
    "criteria": {
      "has_bucket": "2024-08-18 22:27:24 +0000"
    },
    "done": true
  },
  "minecraft:recipes/misc/wheat": {
    "criteria": {
      "has_hay_block": "2024-08-18 22:52:46 +0000"
    },
    "done": true
  },
  "minecraft:recipes/decorations/white_bed": {
    "criteria": {
      "has_white_wool": "2024-08-18 22:09:53 +0000"
    },
    "done": true
  },
  "mca:recipes/misc/needle_and_thread": {
    "criteria": {
      "has_item": "2024-08-18 21:01:41 +0000"
    },
    "done": true
  },
  "vampirism:recipes/vampirism/general/fire_place": {
    "criteria": {
      "has_logs": "2024-08-18 20:47:29 +0000"
    },
    "done": true
  },
  "cfm:recipes/cfm/birch_upgraded_gate": {
    "criteria": {
      "has_gate": "2024-08-18 22:12:06 +0000"
    },
    "done": true
  },
  "cfm:recipes/cfm/stripped_crimson_upgraded_gate": {
    "criteria": {
      "has_gate": "2024-08-18 22:12:06 +0000"
    },
    "done": true
  },
  "minecraft:recipes/decorations/candle": {
    "criteria": {
      "has_string": "2024-08-18 21:01:41 +0000"
    },
    "done": true
  },
  "mcwpaths:recipes/cobblestone": {
    "criteria": {
      "has_wood": "2024-08-18 21:31:03 +0000"
    },
    "done": true
  },
  "minecraft:recipes/food/bread": {
    "criteria": {
      "has_wheat": "2024-08-18 22:10:47 +0000"
    },
    "done": true
  },
  "minecraft:recipes/building_blocks/smooth_stone": {
    "criteria": {
      "has_stone": "2024-08-18 22:02:21 +0000"
    },
    "done": true
  },
  "mcwbridges:recipes/asian_red_bridge": {
    "criteria": {
      "has_planks": "2024-08-18 20:56:21 +0000"
    },
    "done": true
  },
  "cfm:recipes/cfm/blue_picket_gate": {
    "criteria": {
      "has_gate": "2024-08-18 22:12:06 +0000"
    },
    "done": true
  },
  "minecraft:recipes/building_blocks/brown_concrete_powder": {
    "criteria": {
      "has_gravel": "2024-08-18 21:26:01 +0000"
    },
    "done": true
  },
  "minecraft:recipes/building_blocks/stone_slab_from_stone_stonecutting": {
    "criteria": {
      "has_stone": "2024-08-18 22:02:21 +0000"
    },
    "done": true
  },
  "create:recipes/create.palettes/crafting/kinetics/blue_seat": {
    "criteria": {
      "has_wool": "2024-08-18 22:09:53 +0000"
    },
    "done": true
  },
  "framedblocks:recipes/framed_blocks/framed_panel_rotate_to_framed_slab": {
    "criteria": {
      "has_framed_panel": "2024-08-18 21:53:26 +0000"
    },
    "done": true
  },
  "cfm:recipes/cfm/stripped_oak_chair": {
    "criteria": {
      "has_planks": "2024-08-18 20:47:29 +0000"
    },
    "done": true
  },
  "minecraft:recipes/building_blocks/cyan_wool": {
    "criteria": {
      "has_white_wool": "2024-08-18 22:09:53 +0000"
    },
    "done": true
  },
  "farmersdelight:recipes/food/potato_from_crate": {
    "criteria": {
      "has_potato_crate": "2024-08-18 22:52:28 +0000"
    },
    "done": true
  },
  "cfm:recipes/cfm/oak_crate": {
    "criteria": {
      "has_log": "2024-08-18 20:47:29 +0000"
    },
    "done": true
  },
  "cfm:recipes/cfm/rock_path": {
    "criteria": {
      "has_stone": "2024-08-18 22:02:21 +0000"
    },
    "done": true
  },
  "minecraft:recipes/transportation/spruce_boat": {
    "criteria": {
      "in_water": "2024-08-18 20:45:11 +0000"
    },
    "done": true
  },
  "cfm:recipes/cfm/stripped_oak_table": {
    "criteria": {
      "has_planks": "2024-08-18 20:47:29 +0000"
    },
    "done": true
  },
  "create:recipes/create.palettes/oak_window": {
    "criteria": {
      "has_ingredient": "2024-08-18 20:56:21 +0000"
    },
    "done": true
  },
  "knightquest:recipes/misc/bamboo_green_helmet": {
    "criteria": {
      "has_emerald": "2024-08-18 20:49:29 +0000"
    },
    "done": true
  },
  "mcwdoors:recipes/oak": {
    "criteria": {
      "has_wood": "2024-08-18 20:47:29 +0000"
    },
    "done": true
  },
  "minecraft:recipes/building_blocks/gray_wool": {
    "criteria": {
      "has_white_wool": "2024-08-18 22:09:53 +0000"
    },
    "done": true
  },
  "cfm:recipes/cfm/oak_kitchen_counter": {
    "criteria": {
      "has_log": "2024-08-18 20:47:29 +0000"
    },
    "done": true
  },
  "cfm:recipes/cfm/stripped_oak_kitchen_drawer": {
    "criteria": {
      "has_log": "2024-08-18 20:47:29 +0000"
    },
    "done": true
  },
  "mcwfences:recipes/spruce": {
    "criteria": {
      "has_spruce": "2024-08-18 20:05:39 +0000"
    },
    "done": true
  },
  "mcwfences:recipes/hedge": {
    "criteria": {
      "has_birch": "2024-08-18 20:05:39 +0000"
    },
    "done": true
  },
  "cfm:recipes/cfm/light_gray_picket_gate": {
    "criteria": {
      "has_gate": "2024-08-18 22:12:06 +0000"
    },
    "done": true
  },
  "cfm:recipes/cfm/oak_blinds": {
    "criteria": {
      "has_log": "2024-08-18 20:47:29 +0000"
    },
    "done": true
  },
  "cfm:recipes/cfm/mangrove_kitchen_sink_dark": {
    "criteria": {
      "has_bucket": "2024-08-18 22:27:24 +0000"
    },
    "done": true
  },
  "cfm:recipes/cfm/purple_picket_gate": {
    "criteria": {
      "has_gate": "2024-08-18 22:12:06 +0000"
    },
    "done": true
  },
  "smallships:recipes/transportation/jungle_galley": {
    "criteria": {
      "in_water": "2024-08-18 20:45:11 +0000"
    },
    "done": true
  },
  "minecraft:recipes/food/cooked_cod": {
    "criteria": {
      "has_cod": "2024-08-18 20:48:50 +0000"
    },
    "done": true
  },
  "parcool:grant_parcool_guide": {
    "criteria": {
      "tick": "2024-08-18 20:05:38 +0000"
    },
    "done": true
  },
  "smallships:recipes/transportation/acacia_brigg": {
    "criteria": {
      "in_water": "2024-08-18 20:45:11 +0000"
    },
    "done": true
  },
  "minecraft:recipes/building_blocks/cobblestone_stairs": {
    "criteria": {
      "has_cobblestone": "2024-08-18 21:31:03 +0000"
    },
    "done": true
  },
  "cfm:recipes/cfm/oak_kitchen_sink_dark": {
    "criteria": {
      "has_bottom": "2024-08-18 20:56:21 +0000"
    },
    "done": true
  },
  "cfm:recipes/cfm/lime_picket_gate": {
    "criteria": {
      "has_gate": "2024-08-18 22:12:06 +0000"
    },
    "done": true
  },
  "mcwbridges:recipes/cobblestone_bridge_pier": {
    "criteria": {
      "has_planks": "2024-08-18 21:31:03 +0000"
    },
    "done": true
  },
  "smallships:recipes/transportation/dark_oak_galley": {
    "criteria": {
      "in_water": "2024-08-18 20:45:11 +0000"
    },
    "done": true
  },
  "cfm:recipes/cfm/stripped_acacia_upgraded_gate": {
    "criteria": {
      "has_gate": "2024-08-18 22:12:06 +0000"
    },
    "done": true
  },
  "minecraft:recipes/decorations/white_banner": {
    "criteria": {
      "has_white_wool": "2024-08-18 22:09:53 +0000"
    },
    "done": true
  },
  "minecraft:recipes/building_blocks/light_blue_concrete_powder": {
    "criteria": {
      "has_gravel": "2024-08-18 21:26:01 +0000"
    },
    "done": true
  },
  "knightquest:recipes/misc/silverfish_leggings": {
    "criteria": {
      "has_stone": "2024-08-18 22:02:21 +0000"
    },
    "done": true
  },
  "vampirism:recipes/vampirism/vampire/altar_inspiration": {
    "criteria": {
      "has_planks": "2024-08-18 20:56:21 +0000"
    },
    "done": true
  },
  "cfm:recipes/cfm/stripped_spruce_upgraded_gate": {
    "criteria": {
      "has_gate": "2024-08-18 22:12:06 +0000"
    },
    "done": true
  },
  "minecraft:recipes/building_blocks/hay_block": {
    "criteria": {
      "has_wheat": "2024-08-18 22:10:47 +0000"
    },
    "done": true
  },
  "mcwbridges:recipes/asian_red_bridge_pier": {
    "criteria": {
      "has_planks": "2024-08-18 20:56:21 +0000"
    },
    "done": true
  },
  "create:recipes/create.palettes/crafting/kinetics/white_seat": {
    "criteria": {
      "has_wool": "2024-08-18 22:09:53 +0000"
    },
    "done": true
  },
  "minecraft:recipes/combat/bow": {
    "criteria": {
      "has_string": "2024-08-18 21:01:41 +0000"
    },
    "done": true
  },
  "minecraft:recipes/redstone/oak_fence_gate": {
    "criteria": {
      "has_planks": "2024-08-18 20:56:21 +0000"
    },
    "done": true
  },
  "cfm:recipes/cfm/white_sofa": {
    "criteria": {
      "has_wool": "2024-08-18 22:09:53 +0000"
    },
    "done": true
  },
  "minecraft:recipes/building_blocks/purple_concrete_powder": {
    "criteria": {
      "has_gravel": "2024-08-18 21:26:01 +0000"
    },
    "done": true
  },
  "dnl:util/entity_hit_matching/on_hurt": {
    "criteria": {
      "not_projectile": "2024-08-18 20:06:42 +0000",
      "blocked_false": "2024-08-18 20:06:42 +0000"
    },
    "done": false
  },
  "cfm:recipes/cfm/stripped_warped_upgraded_gate": {
    "criteria": {
      "has_gate": "2024-08-18 22:12:06 +0000"
    },
    "done": true
  },
  "knightquest:recipes/misc/bamboo_green_leggings": {
    "criteria": {
      "has_emerald": "2024-08-18 20:49:29 +0000"
    },
    "done": true
  },
  "minecraft:story/mine_stone": {
    "criteria": {
      "get_stone": "2024-08-18 21:31:03 +0000"
    },
    "done": true
  },
  "knightquest:recipes/misc/bow_boots": {
    "criteria": {
      "has_water_bucket": "2024-08-18 21:31:27 +0000"
    },
    "done": true
  },
  "minecraft:recipes/redstone/target": {
    "criteria": {
      "has_hay_block": "2024-08-18 22:52:46 +0000"
    },
    "done": true
  },
  "minecraft:recipes/decorations/furnace": {
    "criteria": {
      "has_cobblestone": "2024-08-18 21:31:03 +0000"
    },
    "done": true
  },
  "framedblocks:recipes/framed_blocks/framed_vertical_sloped_stairs": {
    "criteria": {
      "hasFramedPanel": "2024-08-18 21:53:26 +0000"
    },
    "done": true
  },
  "smallships:recipes/transportation/birch_brigg": {
    "criteria": {
      "in_water": "2024-08-18 20:45:11 +0000"
    },
    "done": true
  },
  "minecraft:recipes/misc/charcoal": {
    "criteria": {
      "has_log": "2024-08-18 20:47:29 +0000"
    },
    "done": true
  },
  "minecraft:recipes/building_blocks/orange_wool": {
    "criteria": {
      "has_white_wool": "2024-08-18 22:09:53 +0000"
    },
    "done": true
  },
  "create:recipes/create.palettes/crafting/kinetics/green_seat": {
    "criteria": {
      "has_wool": "2024-08-18 22:09:53 +0000"
    },
    "done": true
  },
  "vampirism:recipes/vampirism/cursed_spruce_boat": {
    "criteria": {
      "in_water": "2024-08-18 20:45:11 +0000"
    },
    "done": true
  },
  "cfm:recipes/cfm/orange_kitchen_sink": {
    "criteria": {
      "has_bucket": "2024-08-18 22:27:24 +0000"
    },
    "done": true
  },
  "mcwfences:recipes/nether": {
    "criteria": {
      "has_nether_brick": "2024-08-18 20:05:39 +0000"
    },
    "done": true
  },
  "minecraft:recipes/transportation/birch_boat": {
    "criteria": {
      "in_water": "2024-08-18 20:45:11 +0000"
    },
    "done": true
  },
  "minecraft:recipes/building_blocks/green_concrete_powder": {
    "criteria": {
      "has_gravel": "2024-08-18 21:26:01 +0000"
    },
    "done": true
  },
  "create:shifting_gears": {
    "criteria": {
      "0": "2024-08-18 21:52:03 +0000"
    },
    "done": true
  },
  "farmersdelight:recipes/misc/iron_nugget_from_smelting_knife": {
    "criteria": {
      "has_iron_knife": "2024-08-18 22:34:20 +0000"
    },
    "done": true
  },
  "create:recipes/create.palettes/crafting/kinetics/purple_seat": {
    "criteria": {
      "has_wool": "2024-08-18 22:09:53 +0000"
    },
    "done": true
  },
  "mcwfences:recipes/crimson": {
    "criteria": {
      "has_crimson": "2024-08-18 20:05:39 +0000"
    },
    "done": true
  },
  "cfm:recipes/cfm/stripped_warped_kitchen_sink_light": {
    "criteria": {
      "has_bucket": "2024-08-18 22:27:24 +0000"
    },
    "done": true
  },
  "knightquest:recipes/misc/veteran_leggings": {
    "criteria": {
      "has_diamond_sword": "2024-08-18 20:08:33 +0000"
    },
    "done": true
  },
  "framedblocks:recipes/framed_blocks/framed_slab_corner": {
    "criteria": {
      "hasFramedSlab": "2024-08-18 22:25:23 +0000"
    },
    "done": true
  },
  "mcwfences:recipes/prismarine": {
    "criteria": {
      "has_qq": "2024-08-18 20:05:39 +0000"
    },
    "done": true
  },
  "cfm:recipes/cfm/brown_picket_gate": {
    "criteria": {
      "has_gate": "2024-08-18 22:12:06 +0000"
    },
    "done": true
  },
  "farmersdelight:main/root": {
    "criteria": {
      "seeds": "2024-08-18 20:05:39 +0000"
    },
    "done": true
  },
  "minecraft:recipes/tools/stone_hoe": {
    "criteria": {
      "has_cobblestone": "2024-08-18 21:31:03 +0000"
    },
    "done": true
  },
  "mcwfences:recipes/quartz": {
    "criteria": {
      "has_qq": "2024-08-18 20:05:38 +0000"
    },
    "done": true
  },
  "create:recipes/create.palettes/crafting/kinetics/light_blue_seat": {
    "criteria": {
      "has_wool": "2024-08-18 22:09:53 +0000"
    },
    "done": true
  },
  "cfm:recipes/cfm/oak_upgraded_gate": {
    "criteria": {
      "has_log": "2024-08-18 20:47:29 +0000"
    },
    "done": true
  },
  "knightquest:recipes/misc/bamboo_green_chestplate": {
    "criteria": {
      "has_emerald": "2024-08-18 20:49:29 +0000"
    },
    "done": true
  },
  "farmersdelight:recipes/farmersdelight/wheat_dough_from_water": {
    "criteria": {
      "has_wheat": "2024-08-18 22:10:47 +0000"
    },
    "done": true
  },
  "knightquest:recipes/misc/path_leggings": {
    "criteria": {
      "has_coarse_dirt": "2024-08-18 21:25:14 +0000"
    },
    "done": true
  },
  "smallships:recipes/transportation/acacia_drakkar": {
    "criteria": {
      "in_water": "2024-08-18 20:45:11 +0000"
    },
    "done": true
  },
  "minecraft:recipes/decorations/white_carpet": {
    "criteria": {
      "has_white_wool": "2024-08-18 22:09:53 +0000"
    },
    "done": true
  },
  "farmersdelight:recipes/farmersdelight/oak_cabinet": {
    "criteria": {
      "has_oak_trapdoor": "2024-08-18 20:47:17 +0000"
    },
    "done": true
  },
  "smallships:recipes/transportation/jungle_brigg": {
    "criteria": {
      "in_water": "2024-08-18 20:45:11 +0000"
    },
    "done": true
  },
  "cfm:recipes/cfm/pink_picket_gate": {
    "criteria": {
      "has_gate": "2024-08-18 22:12:06 +0000"
    },
    "done": true
  },
  "create:root": {
    "criteria": {
      "0": "2024-08-18 20:05:39 +0000"
    },
    "done": true
  },
  "minecraft:recipes/transportation/oak_boat": {
    "criteria": {
      "in_water": "2024-08-18 20:45:11 +0000"
    },
    "done": true
  },
  "cfm:recipes/cfm/stripped_birch_upgraded_gate": {
    "criteria": {
      "has_gate": "2024-08-18 22:12:06 +0000"
    },
    "done": true
  },
  "minecraft:recipes/building_blocks/cyan_concrete_powder": {
    "criteria": {
      "has_gravel": "2024-08-18 21:26:01 +0000"
    },
    "done": true
  },
  "cfm:recipes/cfm/oak_park_bench": {
    "criteria": {
      "has_log": "2024-08-18 20:47:29 +0000"
    },
    "done": true
  },
  "cfm:recipes/cfm/white_picket_gate": {
    "criteria": {
      "has_gate": "2024-08-18 22:12:06 +0000"
    },
    "done": true
  },
  "cfm:recipes/cfm/stripped_oak_kitchen_sink_light": {
    "criteria": {
      "has_bottom": "2024-08-18 22:02:13 +0000"
    },
    "done": true
  },
  "minecraft:recipes/building_blocks/lime_wool": {
    "criteria": {
      "has_white_wool": "2024-08-18 22:09:53 +0000"
    },
    "done": true
  },
  "farmersdelight:main/plant_all_crops": {
    "criteria": {
      "wheat": "2024-08-18 22:10:59 +0000"
    },
    "done": false
  },
  "dnl:util/entity_hit_matching/on_hit": {
    "criteria": {
      "not_projectile": "2024-08-18 21:34:18 +0000",
      "not_magic": "2024-08-18 21:34:18 +0000"
    },
    "done": false
  },
  "minecraft:recipes/building_blocks/stone_bricks_from_stone_stonecutting": {
    "criteria": {
      "has_stone": "2024-08-18 22:02:21 +0000"
    },
    "done": true
  },
  "create:recipes/create.palettes/crafting/kinetics/gray_seat": {
    "criteria": {
      "has_wool": "2024-08-18 22:09:53 +0000"
    },
    "done": true
  },
  "cfm:recipes/cfm/stripped_warped_kitchen_sink_dark": {
    "criteria": {
      "has_bucket": "2024-08-18 22:27:24 +0000"
    },
    "done": true
  },
  "minecraft:recipes/decorations/loom": {
    "criteria": {
      "has_string": "2024-08-18 21:01:41 +0000"
    },
    "done": true
  },
  "minecraft:recipes/building_blocks/green_wool": {
    "criteria": {
      "has_white_wool": "2024-08-18 22:09:53 +0000"
    },
    "done": true
  },
  "create:recipes/create.base/crafting/kinetics/gearbox": {
    "criteria": {
      "has_item": "2024-08-18 21:51:08 +0000"
    },
    "done": true
  },
  "mcwbridges:recipes/oak_log_bridge_middle": {
    "criteria": {
      "has_planks": "2024-08-18 20:56:21 +0000"
    },
    "done": true
  },
  "minecraft:recipes/building_blocks/brown_wool": {
    "criteria": {
      "has_white_wool": "2024-08-18 22:09:53 +0000"
    },
    "done": true
  },
  "knightquest:recipes/misc/veteran_chestplate": {
    "criteria": {
      "has_diamond_sword": "2024-08-18 20:08:33 +0000"
    },
    "done": true
  },
  "mcwfences:recipes/sandstone": {
    "criteria": {
      "has_sand": "2024-08-18 20:05:39 +0000"
    },
    "done": true
  },
  "knightquest:recipes/misc/strawhat_helmet": {
    "criteria": {
      "has_white_wool": "2024-08-18 22:09:53 +0000"
    },
    "done": true
  },
  "smallships:recipes/transportation/spruce_drakkar": {
    "criteria": {
      "in_water": "2024-08-18 20:45:11 +0000"
    },
    "done": true
  },
  "cfm:recipes/cfm/magenta_kitchen_sink": {
    "criteria": {
      "has_bucket": "2024-08-18 22:27:24 +0000"
    },
    "done": true
  },
  "mcwpaths:recipes/oak": {
    "criteria": {
      "has_wood": "2024-08-18 20:56:21 +0000"
    },
    "done": true
  },
  "minecraft:recipes/decorations/painting": {
    "criteria": {
      "has_wool": "2024-08-18 22:09:53 +0000"
    },
    "done": true
  },
  "knightquest:recipes/misc/enderman_leggings": {
    "criteria": {
      "has_grass_block": "2024-08-18 21:05:30 +0000"
    },
    "done": true
  },
  "minecraft:recipes/building_blocks/stone_slab": {
    "criteria": {
      "has_stone": "2024-08-18 22:02:21 +0000"
    },
    "done": true
  },
  "cfm:recipes/cfm/stripped_oak_bedside_cabinet": {
    "criteria": {
      "has_planks": "2024-08-18 20:47:29 +0000"
    },
    "done": true
  },
  "cfm:recipes/cfm/spruce_upgraded_gate": {
    "criteria": {
      "has_gate": "2024-08-18 22:12:06 +0000"
    },
    "done": true
  },
  "cfm:recipes/cfm/black_picket_gate": {
    "criteria": {
      "has_gate": "2024-08-18 22:12:06 +0000"
    },
    "done": true
  },
  "minecraft:recipes/tools/stone_shovel": {
    "criteria": {
      "has_cobblestone": "2024-08-18 21:31:03 +0000"
    },
    "done": true
  },
  "minecraft:recipes/building_blocks/blue_concrete_powder": {
    "criteria": {
      "has_gravel": "2024-08-18 21:26:01 +0000"
    },
    "done": true
  },
  "smallships:recipes/transportation/mangrove_cog": {
    "criteria": {
      "in_water": "2024-08-18 20:45:11 +0000"
    },
    "done": true
  },
  "tombstone:adventure/root": {
    "criteria": {
      "auto": "2024-08-18 20:05:40 +0000"
    },
    "done": true
  },
  "create:recipes/create.palettes/crafting/kinetics/brown_seat": {
    "criteria": {
      "has_wool": "2024-08-18 22:09:53 +0000"
    },
    "done": true
  },
  "mcwfences:recipes/birch": {
    "criteria": {
      "has_birch": "2024-08-18 20:05:39 +0000"
    },
    "done": true
  },
  "cfm:recipes/cfm/oak_table": {
    "criteria": {
      "has_log": "2024-08-18 20:47:29 +0000"
    },
    "done": true
  },
  "minecraft:recipes/redstone/oak_pressure_plate": {
    "criteria": {
      "has_planks": "2024-08-18 20:56:21 +0000"
    },
    "done": true
  },
  "create:recipes/create.palettes/crafting/kinetics/black_seat": {
    "criteria": {
      "has_wool": "2024-08-18 22:09:53 +0000"
    },
    "done": true
  },
  "cfm:recipes/cfm/oak_desk": {
    "criteria": {
      "has_log": "2024-08-18 20:47:29 +0000"
    },
    "done": true
  },
  "mcwbridges:recipes/rope_oak_bridge": {
    "criteria": {
      "has_planks": "2024-08-18 20:56:21 +0000"
    },
    "done": true
  },
  "cfm:recipes/cfm/yellow_picket_gate": {
    "criteria": {
      "has_gate": "2024-08-18 22:12:06 +0000"
    },
    "done": true
  },
  "minecraft:recipes/building_blocks/oak_wood": {
    "criteria": {
      "has_log": "2024-08-18 20:47:29 +0000"
    },
    "done": true
  },
  "create:recipes/create.base/crafting/kinetics/sail_framefrom_conversion": {
    "criteria": {
      "has_item": "2024-08-18 21:46:53 +0000"
    },
    "done": true
  },
  "cfm:recipes/cfm/lime_kitchen_sink": {
    "criteria": {
      "has_bucket": "2024-08-18 22:27:24 +0000"
    },
    "done": true
  },
  "cfm:recipes/cfm/warped_kitchen_sink_dark": {
    "criteria": {
      "has_bucket": "2024-08-18 22:27:24 +0000"
    },
    "done": true
  },
  "minecraft:recipes/misc/coal": {
    "criteria": {
      "has_coal_block": "2024-08-18 22:26:53 +0000"
    },
    "done": true
  },
  "smallships:recipes/transportation/jungle_cog": {
    "criteria": {
      "in_water": "2024-08-18 20:45:11 +0000"
    },
    "done": true
  },
  "dnl:entity/guardian_ghast/hurt": {
    "criteria": {
      "not_projectile": "2024-08-18 21:34:18 +0000"
    },
    "done": false
  },
  "framedblocks:recipes/framed_blocks/framed_sloped_stairs": {
    "criteria": {
      "hasFramedSlab": "2024-08-18 22:25:23 +0000"
    },
    "done": true
  },
  "knightquest:recipes/misc/path_helmet": {
    "criteria": {
      "has_coarse_dirt": "2024-08-18 21:25:14 +0000"
    },
    "done": true
  },
  "minecraft:recipes/redstone/oak_button": {
    "criteria": {
      "has_planks": "2024-08-18 20:56:21 +0000"
    },
    "done": true
  },
  "cfm:recipes/cfm/light_gray_kitchen_sink": {
    "criteria": {
      "has_bucket": "2024-08-18 22:27:24 +0000"
    },
    "done": true
  },
  "cfm:recipes/cfm/stripped_mangrove_upgraded_gate": {
    "criteria": {
      "has_gate": "2024-08-18 22:12:06 +0000"
    },
    "done": true
  },
  "cfm:recipes/cfm/oak_cabinet": {
    "criteria": {
      "has_log": "2024-08-18 20:47:29 +0000"
    },
    "done": true
  },
  "framedblocks:recipes/framed_blocks/framed_trapdoor": {
    "criteria": {
      "hasFramedSlab": "2024-08-18 22:25:23 +0000"
    },
    "done": true
  },
  "farmersdelight:recipes/farmersdelight/tomato": {
    "criteria": {
      "has_tomato_crate": "2024-08-18 22:52:26 +0000"
    },
    "done": true
  },
  "cfm:recipes/cfm/brown_kitchen_sink": {
    "criteria": {
      "has_bucket": "2024-08-18 22:27:24 +0000"
    },
    "done": true
  },
  "minecraft:recipes/decorations/composter": {
    "criteria": {
      "has_wood_slab": "2024-08-18 21:42:55 +0000"
    },
    "done": true
  },
  "mcwbridges:recipes/oak_rail_bridge": {
    "criteria": {
      "has_planks": "2024-08-18 20:56:21 +0000"
    },
    "done": true
  },
  "cfm:recipes/cfm/green_picket_gate": {
    "criteria": {
      "has_gate": "2024-08-18 22:12:06 +0000"
    },
    "done": true
  },
  "create:recipes/create.palettes/crafting/kinetics/pink_seat": {
    "criteria": {
      "has_wool": "2024-08-18 22:09:53 +0000"
    },
    "done": true
  },
  "minecraft:recipes/redstone/oak_door": {
    "criteria": {
      "has_planks": "2024-08-18 20:56:21 +0000"
    },
    "done": true
  },
  "cfm:recipes/cfm/spruce_kitchen_sink_light": {
    "criteria": {
      "has_bucket": "2024-08-18 22:27:24 +0000"
    },
    "done": true
  },
  "smallships:recipes/transportation/mangrove_galley": {
    "criteria": {
      "in_water": "2024-08-18 20:45:11 +0000"
    },
    "done": true
  },
  "cfm:recipes/cfm/door_mat": {
    "criteria": {
      "has_wheat": "2024-08-18 22:10:47 +0000"
    },
    "done": true
  },
  "minecraft:recipes/transportation/jungle_boat": {
    "criteria": {
      "in_water": "2024-08-18 20:45:11 +0000"
    },
    "done": true
  },
  "cfm:recipes/cfm/pink_kitchen_sink": {
    "criteria": {
      "has_bucket": "2024-08-18 22:27:24 +0000"
    },
    "done": true
  },
  "mcwfences:recipes/acacia": {
    "criteria": {
      "has_acacia": "2024-08-18 20:05:39 +0000"
    },
    "done": true
  },
  "minecraft:recipes/decorations/stone_brick_walls_from_stone_stonecutting": {
    "criteria": {
      "has_stone": "2024-08-18 22:02:21 +0000"
    },
    "done": true
  },
  "minecraft:recipes/transportation/dark_oak_boat": {
    "criteria": {
      "in_water": "2024-08-18 20:45:11 +0000"
    },
    "done": true
  },
  "minecraft:recipes/decorations/glow_item_frame": {
    "criteria": {
      "has_item_frame": "2024-08-18 20:57:23 +0000"
    },
    "done": true
  },
  "minecraft:recipes/building_blocks/pink_wool": {
    "criteria": {
      "has_white_wool": "2024-08-18 22:09:53 +0000"
    },
    "done": true
  },
  "vampirism:recipes/vampirism/hunter/crucifix": {
    "criteria": {
      "planks": "2024-08-18 20:56:21 +0000"
    },
    "done": true
  },
  "smallships:recipes/transportation/spruce_galley": {
    "criteria": {
      "in_water": "2024-08-18 20:45:11 +0000"
    },
    "done": true
  },
  "cfm:recipes/cfm/magenta_picket_gate": {
    "criteria": {
      "has_gate": "2024-08-18 22:12:06 +0000"
    },
    "done": true
  },
  "knightquest:recipes/misc/husk_helmet2": {
    "criteria": {
      "has_emerald": "2024-08-18 20:49:29 +0000"
    },
    "done": true
  },
  "farmersdelight:main/place_campfire": {
    "criteria": {
      "campfire": "2024-08-18 22:16:31 +0000"
    },
    "done": true
  },
  "minecraft:recipes/building_blocks/stone_stairs": {
    "criteria": {
      "has_stone": "2024-08-18 22:02:21 +0000"
    },
    "done": true
  },
  "cfm:recipes/cfm/oak_upgraded_fence": {
    "criteria": {
      "has_log": "2024-08-18 20:47:29 +0000"
    },
    "done": true
  },
  "smallships:recipes/transportation/dark_oak_brigg": {
    "criteria": {
      "in_water": "2024-08-18 20:45:11 +0000"
    },
    "done": true
  },
  "mcwdoors:recipes/cherry_print": {
    "criteria": {
      "has_wood": "2024-08-18 20:47:29 +0000"
    },
    "done": true
  },
  "smallships:recipes/transportation/dark_oak_cog": {
    "criteria": {
      "in_water": "2024-08-18 20:45:11 +0000"
    },
    "done": true
  },
  "cfm:recipes/cfm/light_blue_picket_gate": {
    "criteria": {
      "has_gate": "2024-08-18 22:12:06 +0000"
    },
    "done": true
  },
  "knightquest:recipes/misc/silverfish_chestplate": {
    "criteria": {
      "has_stone": "2024-08-18 22:02:21 +0000"
    },
    "done": true
  },
  "cfm:recipes/cfm/stripped_jungle_kitchen_sink_light": {
    "criteria": {
      "has_bucket": "2024-08-18 22:27:24 +0000"
    },
    "done": true
  },
  "cfm:recipes/cfm/oak_kitchen_sink_light": {
    "criteria": {
      "has_bottom": "2024-08-18 20:56:21 +0000"
    },
    "done": true
  },
  "farmersdelight:recipes/farmersdelight/rice_panicle": {
    "criteria": {
      "has_rice_bale": "2024-08-18 22:52:34 +0000"
    },
    "done": true
  },
  "cfm:recipes/cfm/oak_coffee_table": {
    "criteria": {
      "has_log": "2024-08-18 20:47:29 +0000"
    },
    "done": true
  },
  "DataVersion": 3120
}