{
  "minecraft:recipes/decorations/smoker": {
    "criteria": {
      "has_furnace": "2024-08-19 20:43:59 +0000"
    },
    "done": true
  },
  "lightmanscurrency:recipes/misc/item_trader_interface": {
    "criteria": {
      "money": "2024-08-19 20:25:08 +0000"
    },
    "done": true
  },
  "lightmanscurrency:recipes/lightmanscurrency.trading/traders/card_display/acacia/magenta": {
    "criteria": {
      "money": "2024-08-19 20:25:07 +0000"
    },
    "done": true
  },
  "lightmanscurrency:recipes/lightmanscurrency.trading/traders/large_vending_machine/dye_brown": {
    "criteria": {
      "money": "2024-08-19 20:25:07 +0000"
    },
    "done": true
  },
  "lightmanscurrency:recipes/lightmanscurrency.trading/traders/card_display/jungle/blue": {
    "criteria": {
      "money": "2024-08-19 20:25:08 +0000"
    },
    "done": true
  },
  "lightmanscurrency:recipes/lightmanscurrency.trading/traders/card_display/spruce/orange": {
    "criteria": {
      "money": "2024-08-19 20:25:08 +0000"
    },
    "done": true
  },
  "lightmanscurrency:recipes/lightmanscurrency.trading/traders/card_display/acacia/gray": {
    "criteria": {
      "money": "2024-08-19 20:25:08 +0000"
    },
    "done": true
  },
  "lightmanscurrency:recipes/misc/network/item_network_trader_2": {
    "criteria": {
      "money": "2024-08-19 20:25:08 +0000"
    },
    "done": true
  },
  "lightmanscurrency:recipes/misc/network/item_network_trader_3": {
    "criteria": {
      "money": "2024-08-19 20:25:07 +0000"
    },
    "done": true
  },
  "lightmanscurrency:recipes/misc/network/item_network_trader_4": {
    "criteria": {
      "money": "2024-08-19 20:25:07 +0000"
    },
    "done": true
  },
  "lightmanscurrency:recipes/lightmanscurrency.trading/traders/shelf/spruce": {
    "criteria": {
      "money": "2024-08-19 20:25:07 +0000"
    },
    "done": true
  },
  "lightmanscurrency:recipes/lightmanscurrency.trading/traders/card_display/acacia/orange": {
    "criteria": {
      "money": "2024-08-19 20:25:07 +0000"
    },
    "done": true
  },
  "lightmanscurrency:recipes/lightmanscurrency.coins/wallet/wallet_iron": {
    "criteria": {
      "coin": "2024-08-19 20:25:07 +0000"
    },
    "done": true
  },
  "lightmanscurrency:recipes/lightmanscurrency.trading/traders/card_display/jungle/white": {
    "criteria": {
      "money": "2024-08-19 20:25:08 +0000"
    },
    "done": true
  },
  "lightmanscurrency:recipes/lightmanscurrency.coins/coins/coin_chocolate_copper_from_pile": {
    "criteria": {
      "money": "2024-08-19 20:25:07 +0000"
    },
    "done": true
  },
  "lightmanscurrency:recipes/misc/network/item_network_trader_1": {
    "criteria": {
      "money": "2024-08-19 20:25:07 +0000"
    },
    "done": true
  },
  "lightmanscurrency:recipes/lightmanscurrency.coins/wallet/upgrade_wallet_emerald_to_wallet_diamond": {
    "criteria": {
      "coin": "2024-08-19 20:25:07 +0000"
    },
    "done": true
  },
  "lightmanscurrency:recipes/lightmanscurrency.trading/traders/freezer/blue": {
    "criteria": {
      "money": "2024-08-19 20:25:07 +0000"
    },
    "done": true
  },
  "lightmanscurrency:recipes/lightmanscurrency.coins/coins/coinpile_chocolate_gold_from_coin": {
    "criteria": {
      "money": "2024-08-19 20:25:07 +0000"
    },
    "done": true
  },
  "lightmanscurrency:recipes/lightmanscurrency.machines/atm": {
    "criteria": {
      "money": "2024-08-19 20:25:07 +0000"
    },
    "done": true
  },
  "lightmanscurrency:recipes/lightmanscurrency.trading/traders/slot_machine": {
    "criteria": {
      "money": "2024-08-19 20:25:08 +0000"
    },
    "done": true
  },
  "minecraft:recipes/decorations/chest": {
    "criteria": {
      "has_lots_of_items": "2024-08-19 20:50:10 +0000"
    },
    "done": true
  },
  "lightmanscurrency:recipes/lightmanscurrency.trading/traders/shelf/dark_oak": {
    "criteria": {
      "money": "2024-08-19 20:25:07 +0000"
    },
    "done": true
  },
  "lightmanscurrency:recipes/lightmanscurrency.coins/coins/coinblock_diamond_from_pile": {
    "criteria": {
      "money": "2024-08-19 20:25:07 +0000"
    },
    "done": true
  },
  "lightmanscurrency:recipes/lightmanscurrency.trading/traders/card_display/spruce/blue": {
    "criteria": {
      "money": "2024-08-19 20:25:07 +0000"
    },
    "done": true
  },
  "lightmanscurrency:recipes/lightmanscurrency.trading/traders/card_display/dark_oak/orange": {
    "criteria": {
      "money": "2024-08-19 20:25:07 +0000"
    },
    "done": true
  },
  "lightmanscurrency:recipes/lightmanscurrency.coins/wallet/upgrade_wallet_diamond_to_wallet_netherite": {
    "criteria": {
      "coin": "2024-08-19 20:25:07 +0000"
    },
    "done": true
  },
  "lightmanscurrency:recipes/lightmanscurrency.trading/traders/vending_machine/dye_pink": {
    "criteria": {
      "money": "2024-08-19 20:25:08 +0000"
    },
    "done": true
  },
  "lightmanscurrency:recipes/lightmanscurrency.trading/traders/card_display/mangrove/light_gray": {
    "criteria": {
      "money": "2024-08-19 20:25:07 +0000"
    },
    "done": true
  },
  "lightmanscurrency:recipes/lightmanscurrency.coins/coins/coinpile_chocolate_copper_from_block": {
    "criteria": {
      "money": "2024-08-19 20:25:07 +0000"
    },
    "done": true
  },
  "mcwfences:recipes/stone": {
    "criteria": {
      "has_stone": "2024-08-19 20:21:59 +0000"
    },
    "done": true
  },
  "lightmanscurrency:recipes/coin_mint/coin_mint/mint_coin_emerald": {
    "criteria": {
      "money": "2024-08-19 20:25:07 +0000"
    },
    "done": true
  },
  "lightmanscurrency:recipes/lightmanscurrency.trading/traders/card_display/birch/cyan": {
    "criteria": {
      "money": "2024-08-19 20:25:07 +0000"
    },
    "done": true
  },
  "lightmanscurrency:recipes/misc/tax_block": {
    "criteria": {
      "money": "2024-08-19 20:25:07 +0000"
    },
    "done": true
  },
  "lightmanscurrency:recipes/ticket_machine/ticket_station/master_ticket": {
    "criteria": {
      "ticket_material": "2024-08-19 20:44:27 +0000",
      "tickets": "2024-08-19 20:44:27 +0000"
    },
    "done": true
  },
  "lightmanscurrency:recipes/lightmanscurrency.trading/traders/bookshelf/acacia": {
    "criteria": {
      "money": "2024-08-19 20:25:08 +0000"
    },
    "done": true
  },
  "lock_and_key:recipes/key": {
    "criteria": {
      "has_ingot": "2024-08-19 20:21:59 +0000",
      "has_nugget": "2024-08-19 20:21:59 +0000"
    },
    "done": true
  },
  "lightmanscurrency:recipes/lightmanscurrency.trading/traders/card_display/oak/light_blue": {
    "criteria": {
      "money": "2024-08-19 20:25:07 +0000"
    },
    "done": true
  },
  "lightmanscurrency:recipes/lightmanscurrency.trading/traders/card_display/crimson/yellow": {
    "criteria": {
      "money": "2024-08-19 20:25:07 +0000"
    },
    "done": true
  },
  "lightmanscurrency:recipes/lightmanscurrency.coins/coins/coin_chocolate_iron_from_pile": {
    "criteria": {
      "money": "2024-08-19 20:25:07 +0000"
    },
    "done": true
  },
  "lightmanscurrency:recipes/lightmanscurrency.trading/traders/card_display/acacia/purple": {
    "criteria": {
      "money": "2024-08-19 20:25:08 +0000"
    },
    "done": true
  },
  "lightmanscurrency:recipes/lightmanscurrency.trading/traders/card_display/oak/black": {
    "criteria": {
      "money": "2024-08-19 20:25:07 +0000"
    },
    "done": true
  },
  "mcwfences:recipes/jungle": {
    "criteria": {
      "has_jungle": "2024-08-19 20:21:59 +0000"
    },
    "done": true
  },
  "lightmanscurrency:recipes/lightmanscurrency.coins/coins/coinblock_emerald_from_pile": {
    "criteria": {
      "money": "2024-08-19 20:25:08 +0000"
    },
    "done": true
  },
  "lightmanscurrency:recipes/lightmanscurrency.machines/cash_register": {
    "criteria": {
      "money": "2024-08-19 20:25:08 +0000"
    },
    "done": true
  },
  "lightmanscurrency:recipes/lightmanscurrency.coins/coins/coinblock_chocolate_diamond_from_pile": {
    "criteria": {
      "money": "2024-08-19 20:25:07 +0000"
    },
    "done": true
  },
  "mcwfences:recipes/oak": {
    "criteria": {
      "has_oak": "2024-08-19 20:21:59 +0000"
    },
    "done": true
  },
  "lightmanscurrency:recipes/lightmanscurrency.coins/coins/coinpile_netherite_from_block": {
    "criteria": {
      "money": "2024-08-19 20:25:07 +0000"
    },
    "done": true
  },
  "lightmanscurrency:recipes/lightmanscurrency.trading/traders/card_display/mangrove/blue": {
    "criteria": {
      "money": "2024-08-19 20:25:07 +0000"
    },
    "done": true
  },
  "mcwfences:recipes/end": {
    "criteria": {
      "has_end_brick": "2024-08-19 20:21:59 +0000"
    },
    "done": true
  },
  "lightmanscurrency:recipes/lightmanscurrency.coins/coins/coinblock_chocolate_copper_from_pile": {
    "criteria": {
      "money": "2024-08-19 20:25:07 +0000"
    },
    "done": true
  },
  "lightmanscurrency:recipes/lightmanscurrency.trading/traders/card_display/warped/black": {
    "criteria": {
      "money": "2024-08-19 20:25:08 +0000"
    },
    "done": true
  },
  "lightmanscurrency:recipes/lightmanscurrency.trading/traders/card_display/jungle/yellow": {
    "criteria": {
      "money": "2024-08-19 20:25:07 +0000"
    },
    "done": true
  },
  "lightmanscurrency:recipes/lightmanscurrency.coins/coins/coin_chocolate_netherite_from_pile": {
    "criteria": {
      "money": "2024-08-19 20:25:07 +0000"
    },
    "done": true
  },
  "lightmanscurrency:recipes/lightmanscurrency.coins/wallet/upgrade_wallet_iron_to_wallet_netherite": {
    "criteria": {
      "coin": "2024-08-19 20:25:07 +0000"
    },
    "done": true
  },
  "lightmanscurrency:recipes/lightmanscurrency.trading/traders/shelf/crimson": {
    "criteria": {
      "money": "2024-08-19 20:25:07 +0000"
    },
    "done": true
  },
  "lightmanscurrency:recipes/lightmanscurrency.coins/coins/coinblock_chocolate_emerald_from_pile": {
    "criteria": {
      "money": "2024-08-19 20:25:07 +0000"
    },
    "done": true
  },
  "lightmanscurrency:recipes/lightmanscurrency.trading/traders/bookshelf/birch": {
    "criteria": {
      "money": "2024-08-19 20:25:07 +0000"
    },
    "done": true
  },
  "lightmanscurrency:recipes/lightmanscurrency.machines/coin_jar/sus_jar": {
    "criteria": {
      "money": "2024-08-19 20:25:07 +0000"
    },
    "done": true
  },
  "lightmanscurrency:recipes/lightmanscurrency.coins/coins/coinpile_netherite_from_coin": {
    "criteria": {
      "money": "2024-08-19 20:25:08 +0000"
    },
    "done": true
  },
  "lightmanscurrency:recipes/lightmanscurrency.trading/traders/card_display/dark_oak/pink": {
    "criteria": {
      "money": "2024-08-19 20:25:08 +0000"
    },
    "done": true
  },
  "naturalist:recipes/food/cooked_egg": {
    "criteria": {
      "has_eggs": "2024-08-19 20:21:59 +0000"
    },
    "done": true
  },
  "lightmanscurrency:recipes/lightmanscurrency.trading/traders/bookshelf/warped": {
    "criteria": {
      "money": "2024-08-19 20:25:07 +0000"
    },
    "done": true
  },
  "lightmanscurrency:recipes/lightmanscurrency.coins/coins/coinpile_emerald_from_coin": {
    "criteria": {
      "money": "2024-08-19 20:25:07 +0000"
    },
    "done": true
  },
  "lightmanscurrency:recipes/lightmanscurrency.trading/traders/vending_machine/dye_magenta": {
    "criteria": {
      "money": "2024-08-19 20:25:08 +0000"
    },
    "done": true
  },
  "lightmanscurrency:recipes/lightmanscurrency.coins/coins/coinpile_diamond_from_coin": {
    "criteria": {
      "money": "2024-08-19 20:25:07 +0000"
    },
    "done": true
  },
  "lightmanscurrency:recipes/misc/auction_stand/mangrove": {
    "criteria": {
      "money": "2024-08-19 20:25:08 +0000"
    },
    "done": true
  },
  "lightmanscurrency:recipes/lightmanscurrency.trading/traders/card_display/mangrove/magenta": {
    "criteria": {
      "money": "2024-08-19 20:25:07 +0000"
    },
    "done": true
  },
  "lightmanscurrency:recipes/lightmanscurrency.machines/portable_atm_swap": {
    "criteria": {
      "money": "2024-08-19 20:25:07 +0000"
    },
    "done": true
  },
  "lightmanscurrency:recipes/lightmanscurrency.coins/wallet/wallet_diamond": {
    "criteria": {
      "coin": "2024-08-19 20:25:08 +0000"
    },
    "done": true
  },
  "lightmanscurrency:recipes/lightmanscurrency.coins/coins/coin_chocolate_diamond_from_pile": {
    "criteria": {
      "money": "2024-08-19 20:25:07 +0000"
    },
    "done": true
  },
  "lightmanscurrency:recipes/lightmanscurrency.trading/traders/card_display/mangrove/orange": {
    "criteria": {
      "money": "2024-08-19 20:25:07 +0000"
    },
    "done": true
  },
  "lightmanscurrency:recipes/misc/auction_stand/jungle": {
    "criteria": {
      "money": "2024-08-19 20:25:07 +0000"
    },
    "done": true
  },
  "lightmanscurrency:recipes/lightmanscurrency.trading/traders/card_display/spruce/purple": {
    "criteria": {
      "money": "2024-08-19 20:25:07 +0000"
    },
    "done": true
  },
  "lightmanscurrency:recipes/lightmanscurrency.trading/traders/freezer/orange": {
    "criteria": {
      "money": "2024-08-19 20:25:07 +0000"
    },
    "done": true
  },
  "lightmanscurrency:recipes/lightmanscurrency.coins/wallet/upgrade_wallet_gold_to_wallet_netherite": {
    "criteria": {
      "coin": "2024-08-19 20:25:07 +0000"
    },
    "done": true
  },
  "lightmanscurrency:recipes/lightmanscurrency.trading/traders/card_display/jungle/light_blue": {
    "criteria": {
      "money": "2024-08-19 20:25:07 +0000"
    },
    "done": true
  },
  "lightmanscurrency:recipes/lightmanscurrency.coins/coins/coinpile_emerald_from_block": {
    "criteria": {
      "money": "2024-08-19 20:25:07 +0000"
    },
    "done": true
  },
  "lightmanscurrency:recipes/lightmanscurrency.trading/traders/card_display/oak/yellow": {
    "criteria": {
      "money": "2024-08-19 20:25:07 +0000"
    },
    "done": true
  },
  "lightmanscurrency:recipes/lightmanscurrency.coins/coins/coinpile_chocolate_emerald_from_block": {
    "criteria": {
      "money": "2024-08-19 20:25:07 +0000"
    },
    "done": true
  },
  "lightmanscurrency:recipes/lightmanscurrency.trading/traders/shelf2/spruce": {
    "criteria": {
      "money": "2024-08-19 20:25:07 +0000"
    },
    "done": true
  },
  "lightmanscurrency:recipes/lightmanscurrency.trading/traders/card_display/acacia/brown": {
    "criteria": {
      "money": "2024-08-19 20:25:08 +0000"
    },
    "done": true
  },
  "mcwfences:recipes/bamboo": {
    "criteria": {
      "has_bamboo": "2024-08-19 20:21:59 +0000"
    },
    "done": true
  },
  "lightmanscurrency:recipes/lightmanscurrency.machines/coin_jar/piggy_bank": {
    "criteria": {
      "money": "2024-08-19 20:25:07 +0000"
    },
    "done": true
  },
  "lightmanscurrency:recipes/lightmanscurrency.coins/coins/coinpile_chocolate_gold_from_block": {
    "criteria": {
      "money": "2024-08-19 20:25:08 +0000"
    },
    "done": true
  },
  "lightmanscurrency:recipes/lightmanscurrency.coins/coins/coin_copper_from_pile": {
    "criteria": {
      "money": "2024-08-19 20:25:07 +0000"
    },
    "done": true
  },
  "lightmanscurrency:recipes/lightmanscurrency.trading/traders/large_vending_machine/dye_pink": {
    "criteria": {
      "money": "2024-08-19 20:25:07 +0000"
    },
    "done": true
  },
  "lightmanscurrency:recipes/lightmanscurrency.trading/traders/large_vending_machine/dye_light_blue": {
    "criteria": {
      "money": "2024-08-19 20:25:07 +0000"
    },
    "done": true
  },
  "lightmanscurrency:recipes/lightmanscurrency.trading/traders/large_vending_machine/washing": {
    "criteria": {
      "money": "2024-08-19 20:25:08 +0000"
    },
    "done": true
  },
  "lightmanscurrency:recipes/lightmanscurrency.trading/traders/vending_machine/washing": {
    "criteria": {
      "money": "2024-08-19 20:25:07 +0000"
    },
    "done": true
  },
  "lightmanscurrency:recipes/misc/upgrades/coin_chest_magnet_upgrade_1": {
    "criteria": {
      "money": "2024-08-19 20:25:07 +0000"
    },
    "done": true
  },
  "lightmanscurrency:recipes/coin_mint/coin_mint/melt_coin_copper": {
    "criteria": {
      "money": "2024-08-19 20:25:07 +0000"
    },
    "done": true
  },
  "lightmanscurrency:recipes/misc/upgrades/coin_chest_magnet_upgrade_2": {
    "criteria": {
      "money": "2024-08-19 20:25:07 +0000"
    },
    "done": true
  },
  "lightmanscurrency:recipes/lightmanscurrency.trading/traders/card_display/warped/white": {
    "criteria": {
      "money": "2024-08-19 20:25:07 +0000"
    },
    "done": true
  },
  "lightmanscurrency:recipes/lightmanscurrency.trading/traders/card_display/crimson/brown": {
    "criteria": {
      "money": "2024-08-19 20:25:07 +0000"
    },
    "done": true
  },
  "lightmanscurrency:recipes/lightmanscurrency.trading/traders/card_display/crimson/gray": {
    "criteria": {
      "money": "2024-08-19 20:25:07 +0000"
    },
    "done": true
  },
  "lightmanscurrency:recipes/lightmanscurrency.trading/traders/bookshelf/crimson": {
    "criteria": {
      "money": "2024-08-19 20:25:07 +0000"
    },
    "done": true
  },
  "lightmanscurrency:recipes/misc/upgrades/coin_chest_magnet_upgrade_3": {
    "criteria": {
      "money": "2024-08-19 20:25:07 +0000"
    },
    "done": true
  },
  "lightmanscurrency:recipes/misc/upgrades/coin_chest_magnet_upgrade_4": {
    "criteria": {
      "money": "2024-08-19 20:25:07 +0000"
    },
    "done": true
  },
  "lightmanscurrency:recipes/lightmanscurrency.trading/traders/card_display/mangrove/lime": {
    "criteria": {
      "money": "2024-08-19 20:25:07 +0000"
    },
    "done": true
  },
  "lightmanscurrency:recipes/lightmanscurrency.trading/traders/card_display/warped/magenta": {
    "criteria": {
      "money": "2024-08-19 20:25:07 +0000"
    },
    "done": true
  },
  "lightmanscurrency:recipes/lightmanscurrency.trading/traders/card_display/spruce/magenta": {
    "criteria": {
      "money": "2024-08-19 20:25:07 +0000"
    },
    "done": true
  },
  "lightmanscurrency:recipes/lightmanscurrency.trading/traders/card_display/spruce/black": {
    "criteria": {
      "money": "2024-08-19 20:25:07 +0000"
    },
    "done": true
  },
  "lightmanscurrency:recipes/lightmanscurrency.trading/traders/card_display/mangrove/black": {
    "criteria": {
      "money": "2024-08-19 20:25:07 +0000"
    },
    "done": true
  },
  "lightmanscurrency:recipes/lightmanscurrency.trading/traders/card_display/birch/brown": {
    "criteria": {
      "money": "2024-08-19 20:25:07 +0000"
    },
    "done": true
  },
  "lightmanscurrency:recipes/lightmanscurrency.trading/traders/card_display/jungle/black": {
    "criteria": {
      "money": "2024-08-19 20:25:08 +0000"
    },
    "done": true
  },
  "lightmanscurrency:recipes/lightmanscurrency.trading/traders/card_display/birch/gray": {
    "criteria": {
      "money": "2024-08-19 20:25:07 +0000"
    },
    "done": true
  },
  "lightmanscurrency:recipes/lightmanscurrency.trading/traders/card_display/acacia/red": {
    "criteria": {
      "money": "2024-08-19 20:25:07 +0000"
    },
    "done": true
  },
  "lightmanscurrency:recipes/lightmanscurrency.trading/traders/shelf/mangrove": {
    "criteria": {
      "money": "2024-08-19 20:25:07 +0000"
    },
    "done": true
  },
  "lightmanscurrency:recipes/lightmanscurrency.trading/traders/card_display/oak/white": {
    "criteria": {
      "money": "2024-08-19 20:25:07 +0000"
    },
    "done": true
  },
  "lightmanscurrency:recipes/lightmanscurrency.trading/traders/bookshelf/mangrove": {
    "criteria": {
      "money": "2024-08-19 20:25:08 +0000"
    },
    "done": true
  },
  "lightmanscurrency:recipes/lightmanscurrency.trading/traders/bookshelf/jungle": {
    "criteria": {
      "money": "2024-08-19 20:25:07 +0000"
    },
    "done": true
  },
  "lightmanscurrency:recipes/lightmanscurrency.trading/traders/card_display/acacia/pink": {
    "criteria": {
      "money": "2024-08-19 20:25:07 +0000"
    },
    "done": true
  },
  "lightmanscurrency:recipes/lightmanscurrency.trading/traders/card_display/oak/green": {
    "criteria": {
      "money": "2024-08-19 20:25:07 +0000"
    },
    "done": true
  },
  "lightmanscurrency:recipes/lightmanscurrency.trading/traders/card_display/mangrove/red": {
    "criteria": {
      "money": "2024-08-19 20:25:07 +0000"
    },
    "done": true
  },
  "lightmanscurrency:recipes/lightmanscurrency.trading/traders/large_vending_machine/dye_cyan": {
    "criteria": {
      "money": "2024-08-19 20:25:08 +0000"
    },
    "done": true
  },
  "mcwfences:recipes/deepslate": {
    "criteria": {
      "has_deepslate": "2024-08-19 20:21:59 +0000"
    },
    "done": true
  },
  "lightmanscurrency:recipes/lightmanscurrency.trading/traders/card_display/spruce/cyan": {
    "criteria": {
      "money": "2024-08-19 20:25:08 +0000"
    },
    "done": true
  },
  "lightmanscurrency:recipes/lightmanscurrency.trading/traders/shelf2/oak": {
    "criteria": {
      "money": "2024-08-19 20:25:07 +0000"
    },
    "done": true
  },
  "lightmanscurrency:recipes/lightmanscurrency.trading/traders/card_display/warped/green": {
    "criteria": {
      "money": "2024-08-19 20:25:07 +0000"
    },
    "done": true
  },
  "lightmanscurrency:recipes/lightmanscurrency.trading/traders/card_display/acacia/green": {
    "criteria": {
      "money": "2024-08-19 20:25:07 +0000"
    },
    "done": true
  },
  "mcwfences:recipes/mud_brick": {
    "criteria": {
      "has_qq": "2024-08-19 20:21:59 +0000"
    },
    "done": true
  },
  "lightmanscurrency:recipes/lightmanscurrency.machines/ticket_station": {
    "criteria": {
      "money": "2024-08-19 20:25:07 +0000"
    },
    "done": true
  },
  "lightmanscurrency:recipes/lightmanscurrency.coins/coins/coinpile_chocolate_iron_from_coin": {
    "criteria": {
      "money": "2024-08-19 20:25:07 +0000"
    },
    "done": true
  },
  "lightmanscurrency:recipes/lightmanscurrency.trading/traders/vending_machine/dye_blue": {
    "criteria": {
      "money": "2024-08-19 20:25:07 +0000"
    },
    "done": true
  },
  "lightmanscurrency:recipes/lightmanscurrency.coins/coins/coinpile_copper_from_coin": {
    "criteria": {
      "money": "2024-08-19 20:25:07 +0000"
    },
    "done": true
  },
  "knightquest:recipes/misc/khopesh_claymore": {
    "criteria": {
      "has_netherite_sword": "2024-08-19 20:45:55 +0000"
    },
    "done": true
  },
  "lightmanscurrency:recipes/lightmanscurrency.trading/traders/card_display/mangrove/green": {
    "criteria": {
      "money": "2024-08-19 20:25:08 +0000"
    },
    "done": true
  },
  "lightmanscurrency:recipes/lightmanscurrency.trading/traders/card_display/dark_oak/blue": {
    "criteria": {
      "money": "2024-08-19 20:25:07 +0000"
    },
    "done": true
  },
  "lightmanscurrency:recipes/lightmanscurrency.trading/traders/vending_machine/dye_red": {
    "criteria": {
      "money": "2024-08-19 20:25:07 +0000"
    },
    "done": true
  },
  "lightmanscurrency:recipes/lightmanscurrency.coins/coins/coin_gold_from_pile": {
    "criteria": {
      "money": "2024-08-19 20:25:07 +0000"
    },
    "done": true
  },
  "mcwfences:recipes/mangrove": {
    "criteria": {
      "has_mangrove": "2024-08-19 20:21:59 +0000"
    },
    "done": true
  },
  "mcwfences:recipes/warped": {
    "criteria": {
      "has_warped": "2024-08-19 20:21:59 +0000"
    },
    "done": true
  },
  "mowziesmobs:root": {
    "criteria": {
      "custom_test_name": "2024-08-19 20:21:59 +0000"
    },
    "done": true
  },
  "lightmanscurrency:recipes/lightmanscurrency.machines/portable_gem_terminal_swap": {
    "criteria": {
      "money": "2024-08-19 20:25:07 +0000"
    },
    "done": true
  },
  "lightmanscurrency:recipes/lightmanscurrency.trading/traders/card_display/birch/light_blue": {
    "criteria": {
      "money": "2024-08-19 20:25:07 +0000"
    },
    "done": true
  },
  "lightmanscurrency:recipes/misc/upgrades/coin_chest_security_upgrade": {
    "criteria": {
      "money": "2024-08-19 20:25:07 +0000"
    },
    "done": true
  },
  "lightmanscurrency:recipes/lightmanscurrency.coins/wallet/upgrade_wallet_gold_to_wallet_emerald": {
    "criteria": {
      "coin": "2024-08-19 20:25:07 +0000"
    },
    "done": true
  },
  "lightmanscurrency:recipes/lightmanscurrency.coins/coins/coinpile_chocolate_netherite_from_coin": {
    "criteria": {
      "money": "2024-08-19 20:25:07 +0000"
    },
    "done": true
  },
  "lightmanscurrency:recipes/lightmanscurrency.coins/coins/coin_chocolate_emerald_from_pile": {
    "criteria": {
      "money": "2024-08-19 20:25:07 +0000"
    },
    "done": true
  },
  "lightmanscurrency:recipes/lightmanscurrency.trading/traders/vending_machine/dye_light_blue": {
    "criteria": {
      "money": "2024-08-19 20:25:08 +0000"
    },
    "done": true
  },
  "lightmanscurrency:recipes/lightmanscurrency.trading/traders/large_vending_machine/dye_orange": {
    "criteria": {
      "money": "2024-08-19 20:25:07 +0000"
    },
    "done": true
  },
  "lightmanscurrency:recipes/misc/auction_stand/crimson": {
    "criteria": {
      "money": "2024-08-19 20:25:07 +0000"
    },
    "done": true
  },
  "lightmanscurrency:recipes/lightmanscurrency.trading/traders/shelf2/acacia": {
    "criteria": {
      "money": "2024-08-19 20:25:07 +0000"
    },
    "done": true
  },
  "lightmanscurrency:recipes/lightmanscurrency.trading/traders/armor_display": {
    "criteria": {
      "money": "2024-08-19 20:25:07 +0000"
    },
    "done": true
  },
  "lightmanscurrency:recipes/lightmanscurrency.trading/traders/large_vending_machine/dye_yellow": {
    "criteria": {
      "money": "2024-08-19 20:25:07 +0000"
    },
    "done": true
  },
  "lightmanscurrency:recipes/lightmanscurrency.coins/coins/coinblock_netherite_from_pile": {
    "criteria": {
      "money": "2024-08-19 20:25:07 +0000"
    },
    "done": true
  },
  "knightquest:recipes/misc/nail_glaive": {
    "criteria": {
      "has_netherite_sword": "2024-08-19 20:45:55 +0000"
    },
    "done": true
  },
  "lightmanscurrency:recipes/lightmanscurrency.trading/traders/card_display/crimson/lime": {
    "criteria": {
      "money": "2024-08-19 20:25:08 +0000"
    },
    "done": true
  },
  "lightmanscurrency:recipes/lightmanscurrency.trading/traders/card_display/warped/lime": {
    "criteria": {
      "money": "2024-08-19 20:25:08 +0000"
    },
    "done": true
  },
  "lightmanscurrency:recipes/lightmanscurrency.trading/traders/card_display/oak/blue": {
    "criteria": {
      "money": "2024-08-19 20:25:07 +0000"
    },
    "done": true
  },
  "lightmanscurrency:recipes/lightmanscurrency.trading/traders/freezer/cyan": {
    "criteria": {
      "money": "2024-08-19 20:25:07 +0000"
    },
    "done": true
  },
  "lightmanscurrency:recipes/coin_mint/coin_mint/melt_coin_diamond": {
    "criteria": {
      "money": "2024-08-19 20:25:08 +0000"
    },
    "done": true
  },
  "lightmanscurrency:recipes/lightmanscurrency.trading/traders/card_display/oak/purple": {
    "criteria": {
      "money": "2024-08-19 20:25:07 +0000"
    },
    "done": true
  },
  "lightmanscurrency:recipes/lightmanscurrency.coins/wallet/upgrade_wallet_copper_to_wallet_iron": {
    "criteria": {
      "coin": "2024-08-19 20:25:07 +0000"
    },
    "done": true
  },
  "lightmanscurrency:recipes/misc/auction_stand/spruce": {
    "criteria": {
      "money": "2024-08-19 20:25:08 +0000"
    },
    "done": true
  },
  "lightmanscurrency:recipes/lightmanscurrency.trading/traders/card_display/birch/lime": {
    "criteria": {
      "money": "2024-08-19 20:25:07 +0000"
    },
    "done": true
  },
  "lightmanscurrency:recipes/lightmanscurrency.trading/traders/vending_machine/dye_orange": {
    "criteria": {
      "money": "2024-08-19 20:25:08 +0000"
    },
    "done": true
  },
  "lightmanscurrency:recipes/misc/auction_stand/dark_oak": {
    "criteria": {
      "money": "2024-08-19 20:25:07 +0000"
    },
    "done": true
  },
  "lightmanscurrency:recipes/lightmanscurrency.coins/coins/coinpile_chocolate_netherite_from_block": {
    "criteria": {
      "money": "2024-08-19 20:25:07 +0000"
    },
    "done": true
  },
  "lightmanscurrency:recipes/lightmanscurrency.trading/traders/card_display/dark_oak/brown": {
    "criteria": {
      "money": "2024-08-19 20:25:07 +0000"
    },
    "done": true
  },
  "lootr:root": {
    "criteria": {
      "always_true": "2024-08-19 20:21:59 +0000"
    },
    "done": true
  },
  "lightmanscurrency:recipes/lightmanscurrency.trading/traders/freezer/light_blue": {
    "criteria": {
      "money": "2024-08-19 20:25:07 +0000"
    },
    "done": true
  },
  "lightmanscurrency:recipes/lightmanscurrency.trading/traders/paygate": {
    "criteria": {
      "money": "2024-08-19 20:25:07 +0000"
    },
    "done": true
  },
  "lightmanscurrency:recipes/lightmanscurrency.trading/traders/vending_machine/dye_lime": {
    "criteria": {
      "money": "2024-08-19 20:25:07 +0000"
    },
    "done": true
  },
  "lightmanscurrency:recipes/lightmanscurrency.trading/traders/freezer/lime": {
    "criteria": {
      "money": "2024-08-19 20:25:07 +0000"
    },
    "done": true
  },
  "lightmanscurrency:recipes/lightmanscurrency.trading/traders/large_vending_machine/dye_purple": {
    "criteria": {
      "money": "2024-08-19 20:25:07 +0000"
    },
    "done": true
  },
  "lightmanscurrency:recipes/lightmanscurrency.trading/traders/freezer/red": {
    "criteria": {
      "money": "2024-08-19 20:25:08 +0000"
    },
    "done": true
  },
  "gothic:adv_root": {
    "criteria": {
      "adv_root": "2024-08-19 20:21:59 +0000"
    },
    "done": true
  },
  "lightmanscurrency:recipes/lightmanscurrency.trading/traders/card_display/spruce/light_gray": {
    "criteria": {
      "money": "2024-08-19 20:25:07 +0000"
    },
    "done": true
  },
  "mcwfences:recipes/blackstone": {
    "criteria": {
      "has_blackstone": "2024-08-19 20:21:59 +0000"
    },
    "done": true
  },
  "lightmanscurrency:recipes/lightmanscurrency.trading/traders/card_display/dark_oak/purple": {
    "criteria": {
      "money": "2024-08-19 20:25:07 +0000"
    },
    "done": true
  },
  "lightmanscurrency:recipes/lightmanscurrency.coins/coins/coinpile_chocolate_iron_from_block": {
    "criteria": {
      "money": "2024-08-19 20:25:07 +0000"
    },
    "done": true
  },
  "lightmanscurrency:recipes/lightmanscurrency.trading/traders/card_display/crimson/cyan": {
    "criteria": {
      "money": "2024-08-19 20:25:07 +0000"
    },
    "done": true
  },
  "lightmanscurrency:recipes/lightmanscurrency.trading/traders/card_display/spruce/white": {
    "criteria": {
      "money": "2024-08-19 20:25:08 +0000"
    },
    "done": true
  },
  "minecraft:adventure/adventuring_time": {
    "criteria": {
      "minecraft:deep_ocean": "2024-08-19 20:26:23 +0000",
      "minecraft:birch_forest": "2024-08-19 20:26:12 +0000",
      "minecraft:dark_forest": "2024-08-19 20:25:57 +0000",
      "minecraft:river": "2024-08-19 20:23:42 +0000",
      "minecraft:snowy_plains": "2024-08-19 20:35:58 +0000",
      "minecraft:swamp": "2024-08-19 20:26:32 +0000",
      "minecraft:forest": "2024-08-19 20:25:29 +0000",
      "minecraft:ice_spikes": "2024-08-19 20:36:47 +0000",
      "minecraft:frozen_ocean": "2024-08-19 20:36:49 +0000",
      "minecraft:desert": "2024-08-19 20:30:54 +0000",
      "minecraft:jungle": "2024-08-19 20:25:43 +0000",
      "minecraft:ocean": "2024-08-19 20:24:16 +0000",
      "minecraft:savanna": "2024-08-19 20:30:20 +0000",
      "minecraft:plains": "2024-08-19 20:21:59 +0000"
    },
    "done": false
  },
  "lightmanscurrency:recipes/lightmanscurrency.coins/wallet/wallet_emerald": {
    "criteria": {
      "coin": "2024-08-19 20:25:07 +0000"
    },
    "done": true
  },
  "lightmanscurrency:recipes/lightmanscurrency.trading/traders/card_display/dark_oak/light_gray": {
    "criteria": {
      "money": "2024-08-19 20:25:07 +0000"
    },
    "done": true
  },
  "lightmanscurrency:recipes/lightmanscurrency.trading/traders/card_display/spruce/brown": {
    "criteria": {
      "money": "2024-08-19 20:25:07 +0000"
    },
    "done": true
  },
  "lightmanscurrency:recipes/lightmanscurrency.trading/traders/card_display/spruce/lime": {
    "criteria": {
      "money": "2024-08-19 20:25:07 +0000"
    },
    "done": true
  },
  "lightmanscurrency:recipes/lightmanscurrency.trading/traders/card_display/crimson/light_gray": {
    "criteria": {
      "money": "2024-08-19 20:25:07 +0000"
    },
    "done": true
  },
  "lightmanscurrency:recipes/lightmanscurrency.trading/traders/card_display/jungle/lime": {
    "criteria": {
      "money": "2024-08-19 20:25:08 +0000"
    },
    "done": true
  },
  "lightmanscurrency:recipes/lightmanscurrency.coins/coins/coinpile_iron_from_block": {
    "criteria": {
      "money": "2024-08-19 20:25:07 +0000"
    },
    "done": true
  },
  "lightmanscurrency:recipes/lightmanscurrency.trading/traders/card_display/birch/black": {
    "criteria": {
      "money": "2024-08-19 20:25:07 +0000"
    },
    "done": true
  },
  "lightmanscurrency:recipes/lightmanscurrency.coins/coins/coinpile_copper_from_block": {
    "criteria": {
      "money": "2024-08-19 20:25:07 +0000"
    },
    "done": true
  },
  "lightmanscurrency:recipes/lightmanscurrency.trading/traders/large_vending_machine/dye_magenta": {
    "criteria": {
      "money": "2024-08-19 20:25:07 +0000"
    },
    "done": true
  },
  "lightmanscurrency:recipes/lightmanscurrency.trading/traders/freezer/green": {
    "criteria": {
      "money": "2024-08-19 20:25:07 +0000"
    },
    "done": true
  },
  "lightmanscurrency:recipes/lightmanscurrency.trading/traders/card_display/crimson/magenta": {
    "criteria": {
      "money": "2024-08-19 20:25:07 +0000"
    },
    "done": true
  },
  "lightmanscurrency:recipes/lightmanscurrency.trading/traders/display_case": {
    "criteria": {
      "money": "2024-08-19 20:25:07 +0000"
    },
    "done": true
  },
  "lightmanscurrency:recipes/lightmanscurrency.coins/wallet/upgrade_wallet_iron_to_wallet_emerald": {
    "criteria": {
      "coin": "2024-08-19 20:25:07 +0000"
    },
    "done": true
  },
  "lightmanscurrency:recipes/lightmanscurrency.trading/traders/large_vending_machine/dye_gray": {
    "criteria": {
      "money": "2024-08-19 20:25:07 +0000"
    },
    "done": true
  },
  "lightmanscurrency:recipes/lightmanscurrency.upgrades/upgrades/network_upgrade": {
    "criteria": {
      "money": "2024-08-19 20:25:07 +0000"
    },
    "done": true
  },
  "lightmanscurrency:recipes/lightmanscurrency.trading/traders/card_display/warped/light_blue": {
    "criteria": {
      "money": "2024-08-19 20:25:08 +0000"
    },
    "done": true
  },
  "lightmanscurrency:recipes/lightmanscurrency.trading/traders/card_display/acacia/light_gray": {
    "criteria": {
      "money": "2024-08-19 20:25:07 +0000"
    },
    "done": true
  },
  "lightmanscurrency:recipes/lightmanscurrency.coins/wallet/upgrade_wallet_copper_to_wallet_gold": {
    "criteria": {
      "coin": "2024-08-19 20:25:07 +0000"
    },
    "done": true
  },
  "lightmanscurrency:recipes/lightmanscurrency.trading/traders/card_display/dark_oak/magenta": {
    "criteria": {
      "money": "2024-08-19 20:25:07 +0000"
    },
    "done": true
  },
  "lightmanscurrency:recipes/lightmanscurrency.trading/traders/card_display/oak/orange": {
    "criteria": {
      "money": "2024-08-19 20:25:07 +0000"
    },
    "done": true
  },
  "grimoireofgaia:main/root": {
    "criteria": {
      "join": "2024-08-19 20:21:59 +0000"
    },
    "done": true
  },
  "knightquest:recipes/misc/nail_sword": {
    "criteria": {
      "has_netherite_sword": "2024-08-19 20:45:55 +0000"
    },
    "done": true
  },
  "lightmanscurrency:recipes/lightmanscurrency.trading/traders/card_display/dark_oak/white": {
    "criteria": {
      "money": "2024-08-19 20:25:07 +0000"
    },
    "done": true
  },
  "mcwfences:recipes/dark_oak": {
    "criteria": {
      "has_dark_oak": "2024-08-19 20:21:59 +0000"
    },
    "done": true
  },
  "lightmanscurrency:recipes/lightmanscurrency.trading/traders/card_display/dark_oak/red": {
    "criteria": {
      "money": "2024-08-19 20:25:08 +0000"
    },
    "done": true
  },
  "lightmanscurrency:recipes/lightmanscurrency.trading/traders/vending_machine/dye_brown": {
    "criteria": {
      "money": "2024-08-19 20:25:07 +0000"
    },
    "done": true
  },
  "lightmanscurrency:recipes/lightmanscurrency.coins/wallet/upgrade_wallet_copper_to_wallet_diamond": {
    "criteria": {
      "coin": "2024-08-19 20:25:08 +0000"
    },
    "done": true
  },
  "lightmanscurrency:recipes/lightmanscurrency.trading/traders/card_display/crimson/black": {
    "criteria": {
      "money": "2024-08-19 20:25:07 +0000"
    },
    "done": true
  },
  "lightmanscurrency:recipes/lightmanscurrency.trading/traders/card_display/birch/red": {
    "criteria": {
      "money": "2024-08-19 20:25:07 +0000"
    },
    "done": true
  },
  "lightmanscurrency:recipes/lightmanscurrency.trading/traders/shelf/oak": {
    "criteria": {
      "money": "2024-08-19 20:25:08 +0000"
    },
    "done": true
  },
  "lightmanscurrency:recipes/lightmanscurrency.trading/traders/card_display/jungle/magenta": {
    "criteria": {
      "money": "2024-08-19 20:25:08 +0000"
    },
    "done": true
  },
  "lightmanscurrency:recipes/lightmanscurrency.trading/traders/card_display/warped/blue": {
    "criteria": {
      "money": "2024-08-19 20:25:07 +0000"
    },
    "done": true
  },
  "lightmanscurrency:recipes/lightmanscurrency.coins/wallet/upgrade_wallet_copper_to_wallet_netherite": {
    "criteria": {
      "coin": "2024-08-19 20:25:07 +0000"
    },
    "done": true
  },
  "lightmanscurrency:recipes/lightmanscurrency.coins/coins/coin_netherite_from_pile": {
    "criteria": {
      "money": "2024-08-19 20:25:07 +0000"
    },
    "done": true
  },
  "lightmanscurrency:recipes/lightmanscurrency.machines/gem_terminal": {
    "criteria": {
      "money": "2024-08-19 20:25:07 +0000"
    },
    "done": true
  },
  "lightmanscurrency:recipes/lightmanscurrency.trading/traders/freezer/black": {
    "criteria": {
      "money": "2024-08-19 20:25:07 +0000"
    },
    "done": true
  },
  "lightmanscurrency:recipes/lightmanscurrency.coins/coins/coinpile_chocolate_diamond_from_block": {
    "criteria": {
      "money": "2024-08-19 20:25:07 +0000"
    },
    "done": true
  },
  "lightmanscurrency:recipes/lightmanscurrency.trading/traders/card_display/acacia/yellow": {
    "criteria": {
      "money": "2024-08-19 20:25:07 +0000"
    },
    "done": true
  },
  "lightmanscurrency:recipes/lightmanscurrency.coins/wallet/wallet_netherite": {
    "criteria": {
      "coin": "2024-08-19 20:25:08 +0000"
    },
    "done": true
  },
  "lightmanscurrency:recipes/lightmanscurrency.coins/coins/coinblock_copper_from_pile": {
    "criteria": {
      "money": "2024-08-19 20:25:07 +0000"
    },
    "done": true
  },
  "lightmanscurrency:recipes/lightmanscurrency.trading/traders/card_display/oak/light_gray": {
    "criteria": {
      "money": "2024-08-19 20:25:07 +0000"
    },
    "done": true
  },
  "lightmanscurrency:recipes/lightmanscurrency.machines/terminal_swap": {
    "criteria": {
      "money": "2024-08-19 20:25:07 +0000"
    },
    "done": true
  },
  "minecraft:recipes/misc/wheat": {
    "criteria": {
      "has_hay_block": "2024-08-19 20:44:58 +0000"
    },
    "done": true
  },
  "lightmanscurrency:recipes/lightmanscurrency.coins/coins/coin_iron_from_pile": {
    "criteria": {
      "money": "2024-08-19 20:25:08 +0000"
    },
    "done": true
  },
  "lightmanscurrency:recipes/lightmanscurrency.trading/traders/card_display/oak/lime": {
    "criteria": {
      "money": "2024-08-19 20:25:07 +0000"
    },
    "done": true
  },
  "lightmanscurrency:recipes/lightmanscurrency.trading/traders/card_display/acacia/blue": {
    "criteria": {
      "money": "2024-08-19 20:25:07 +0000"
    },
    "done": true
  },
  "lightmanscurrency:recipes/lightmanscurrency.machines/atm_swap": {
    "criteria": {
      "money": "2024-08-19 20:25:07 +0000"
    },
    "done": true
  },
  "lightmanscurrency:recipes/lightmanscurrency.trading/traders/card_display/jungle/gray": {
    "criteria": {
      "money": "2024-08-19 20:25:07 +0000"
    },
    "done": true
  },
  "lightmanscurrency:recipes/lightmanscurrency.trading/traders/shelf2/birch": {
    "criteria": {
      "money": "2024-08-19 20:25:07 +0000"
    },
    "done": true
  },
  "lightmanscurrency:recipes/lightmanscurrency.trading/traders/card_display/birch/green": {
    "criteria": {
      "money": "2024-08-19 20:25:07 +0000"
    },
    "done": true
  },
  "lightmanscurrency:recipes/lightmanscurrency.trading/traders/freezer/gray": {
    "criteria": {
      "money": "2024-08-19 20:25:07 +0000"
    },
    "done": true
  },
  "lightmanscurrency:recipes/lightmanscurrency.trading/traders/card_display/jungle/brown": {
    "criteria": {
      "money": "2024-08-19 20:25:07 +0000"
    },
    "done": true
  },
  "lightmanscurrency:recipes/lightmanscurrency.trading/traders/card_display/crimson/white": {
    "criteria": {
      "money": "2024-08-19 20:25:07 +0000"
    },
    "done": true
  },
  "lightmanscurrency:recipes/lightmanscurrency.trading/traders/bookshelf/dark_oak": {
    "criteria": {
      "money": "2024-08-19 20:25:07 +0000"
    },
    "done": true
  },
  "lightmanscurrency:recipes/lightmanscurrency.trading/traders/card_display/crimson/green": {
    "criteria": {
      "money": "2024-08-19 20:25:07 +0000"
    },
    "done": true
  },
  "lightmanscurrency:recipes/lightmanscurrency.trading/traders/card_display/mangrove/light_blue": {
    "criteria": {
      "money": "2024-08-19 20:25:07 +0000"
    },
    "done": true
  },
  "lightmanscurrency:recipes/lightmanscurrency.trading/traders/card_display/jungle/red": {
    "criteria": {
      "money": "2024-08-19 20:25:07 +0000"
    },
    "done": true
  },
  "lightmanscurrency:recipes/lightmanscurrency.trading/traders/card_display/spruce/yellow": {
    "criteria": {
      "money": "2024-08-19 20:25:08 +0000"
    },
    "done": true
  },
  "lightmanscurrency:currency/root": {
    "criteria": {
      "coin": "2024-08-19 20:25:07 +0000"
    },
    "done": true
  },
  "lightmanscurrency:recipes/lightmanscurrency.coins/coins/coin_emerald_from_pile": {
    "criteria": {
      "money": "2024-08-19 20:25:07 +0000"
    },
    "done": true
  },
  "lightmanscurrency:recipes/lightmanscurrency.trading/traders/shelf/jungle": {
    "criteria": {
      "money": "2024-08-19 20:25:08 +0000"
    },
    "done": true
  },
  "lightmanscurrency:recipes/lightmanscurrency.coins/coins/coin_diamond_from_pile": {
    "criteria": {
      "money": "2024-08-19 20:25:07 +0000"
    },
    "done": true
  },
  "lightmanscurrency:recipes/lightmanscurrency.trading/traders/card_display/dark_oak/yellow": {
    "criteria": {
      "money": "2024-08-19 20:25:07 +0000"
    },
    "done": true
  },
  "lightmanscurrency:recipes/coin_mint/coin_mint/melt_coin_emerald": {
    "criteria": {
      "money": "2024-08-19 20:25:07 +0000"
    },
    "done": true
  },
  "lightmanscurrency:recipes/lightmanscurrency.trading/traders/shelf2/jungle": {
    "criteria": {
      "money": "2024-08-19 20:25:07 +0000"
    },
    "done": true
  },
  "mcwfences:recipes/spruce": {
    "criteria": {
      "has_spruce": "2024-08-19 20:21:59 +0000"
    },
    "done": true
  },
  "mcwfences:recipes/hedge": {
    "criteria": {
      "has_birch": "2024-08-19 20:21:59 +0000"
    },
    "done": true
  },
  "lightmanscurrency:recipes/lightmanscurrency.trading/traders/card_display/mangrove/gray": {
    "criteria": {
      "money": "2024-08-19 20:25:07 +0000"
    },
    "done": true
  },
  "lightmanscurrency:recipes/coin_mint/coin_mint/mint_coin_gold": {
    "criteria": {
      "money": "2024-08-19 20:25:07 +0000"
    },
    "done": true
  },
  "lightmanscurrency:recipes/misc/coin_chest": {
    "criteria": {
      "money": "2024-08-19 20:25:07 +0000"
    },
    "done": true
  },
  "lightmanscurrency:recipes/lightmanscurrency.trading/traders/large_vending_machine/dye_lime": {
    "criteria": {
      "money": "2024-08-19 20:25:07 +0000"
    },
    "done": true
  },
  "lightmanscurrency:recipes/lightmanscurrency.coins/coins/coinblock_iron_from_pile": {
    "criteria": {
      "money": "2024-08-19 20:25:07 +0000"
    },
    "done": true
  },
  "lightmanscurrency:recipes/lightmanscurrency.trading/traders/card_display/spruce/green": {
    "criteria": {
      "money": "2024-08-19 20:25:07 +0000"
    },
    "done": true
  },
  "lightmanscurrency:recipes/lightmanscurrency.trading/traders/shelf2/mangrove": {
    "criteria": {
      "money": "2024-08-19 20:25:07 +0000"
    },
    "done": true
  },
  "lightmanscurrency:recipes/lightmanscurrency.trading/traders/card_display/spruce/gray": {
    "criteria": {
      "money": "2024-08-19 20:25:08 +0000"
    },
    "done": true
  },
  "lightmanscurrency:recipes/lightmanscurrency.coins/wallet/wallet_copper": {
    "criteria": {
      "coin": "2024-08-19 20:25:08 +0000"
    },
    "done": true
  },
  "parcool:grant_parcool_guide": {
    "criteria": {
      "tick": "2024-08-19 20:21:59 +0000"
    },
    "done": true
  },
  "lightmanscurrency:recipes/lightmanscurrency.trading/traders/card_display/crimson/purple": {
    "criteria": {
      "money": "2024-08-19 20:25:08 +0000"
    },
    "done": true
  },
  "lightmanscurrency:recipes/lightmanscurrency.coins/coins/coinblock_chocolate_gold_from_pile": {
    "criteria": {
      "money": "2024-08-19 20:25:07 +0000"
    },
    "done": true
  },
  "lightmanscurrency:recipes/lightmanscurrency.coins/coins/coinpile_chocolate_diamond_from_coin": {
    "criteria": {
      "money": "2024-08-19 20:25:08 +0000"
    },
    "done": true
  },
  "lightmanscurrency:recipes/lightmanscurrency.coins/wallet/upgrade_wallet_iron_to_wallet_diamond": {
    "criteria": {
      "coin": "2024-08-19 20:25:07 +0000"
    },
    "done": true
  },
  "lightmanscurrency:recipes/lightmanscurrency.trading/traders/card_display/acacia/black": {
    "criteria": {
      "money": "2024-08-19 20:25:07 +0000"
    },
    "done": true
  },
  "lightmanscurrency:recipes/lightmanscurrency.coins/coins/coinpile_gold_from_coin": {
    "criteria": {
      "money": "2024-08-19 20:25:07 +0000"
    },
    "done": true
  },
  "lightmanscurrency:recipes/lightmanscurrency.trading/traders/card_display/jungle/purple": {
    "criteria": {
      "money": "2024-08-19 20:25:08 +0000"
    },
    "done": true
  },
  "lightmanscurrency:recipes/coin_mint/coin_mint/mint_coin_netherite": {
    "criteria": {
      "money": "2024-08-19 20:25:07 +0000"
    },
    "done": true
  },
  "lightmanscurrency:recipes/lightmanscurrency.trading/traders/shelf/acacia": {
    "criteria": {
      "money": "2024-08-19 20:25:07 +0000"
    },
    "done": true
  },
  "lightmanscurrency:recipes/lightmanscurrency.trading/traders/card_display/oak/brown": {
    "criteria": {
      "money": "2024-08-19 20:25:08 +0000"
    },
    "done": true
  },
  "lightmanscurrency:recipes/lightmanscurrency.upgrades/upgrades/speed_upgrade_1": {
    "criteria": {
      "money": "2024-08-19 20:25:07 +0000"
    },
    "done": true
  },
  "lightmanscurrency:recipes/lightmanscurrency.upgrades/upgrades/speed_upgrade_2": {
    "criteria": {
      "money": "2024-08-19 20:25:07 +0000"
    },
    "done": true
  },
  "lightmanscurrency:recipes/lightmanscurrency.trading/traders/freezer/yellow": {
    "criteria": {
      "money": "2024-08-19 20:25:07 +0000"
    },
    "done": true
  },
  "lightmanscurrency:recipes/lightmanscurrency.coins/coins/coinpile_gold_from_block": {
    "criteria": {
      "money": "2024-08-19 20:25:07 +0000"
    },
    "done": true
  },
  "lightmanscurrency:recipes/coin_mint/coin_mint/melt_coin_netherite": {
    "criteria": {
      "money": "2024-08-19 20:25:07 +0000"
    },
    "done": true
  },
  "minecraft:recipes/redstone/target": {
    "criteria": {
      "has_hay_block": "2024-08-19 20:44:58 +0000"
    },
    "done": true
  },
  "lightmanscurrency:recipes/lightmanscurrency.trading/traders/card_display/oak/cyan": {
    "criteria": {
      "money": "2024-08-19 20:25:07 +0000"
    },
    "done": true
  },
  "lightmanscurrency:recipes/lightmanscurrency.trading/traders/card_display/warped/brown": {
    "criteria": {
      "money": "2024-08-19 20:25:07 +0000"
    },
    "done": true
  },
  "lightmanscurrency:recipes/lightmanscurrency.machines/coin_jar/blue": {
    "criteria": {
      "money": "2024-08-19 20:25:08 +0000"
    },
    "done": true
  },
  "minecraft:husbandry/root": {
    "criteria": {
      "consumed_item": "2024-08-19 20:50:01 +0000"
    },
    "done": true
  },
  "lightmanscurrency:recipes/lightmanscurrency.coins/wallet/upgrade_wallet_gold_to_wallet_diamond": {
    "criteria": {
      "coin": "2024-08-19 20:25:07 +0000"
    },
    "done": true
  },
  "lightmanscurrency:recipes/lightmanscurrency.trading/traders/vending_machine": {
    "criteria": {
      "money": "2024-08-19 20:25:07 +0000"
    },
    "done": true
  },
  "mcwfences:recipes/nether": {
    "criteria": {
      "has_nether_brick": "2024-08-19 20:21:59 +0000"
    },
    "done": true
  },
  "lightmanscurrency:recipes/lightmanscurrency.trading/traders/freezer/magenta": {
    "criteria": {
      "money": "2024-08-19 20:25:07 +0000"
    },
    "done": true
  },
  "lightmanscurrency:recipes/lightmanscurrency.trading/traders/card_display/spruce/red": {
    "criteria": {
      "money": "2024-08-19 20:25:08 +0000"
    },
    "done": true
  },
  "lightmanscurrency:recipes/lightmanscurrency.trading/traders/card_display/warped/cyan": {
    "criteria": {
      "money": "2024-08-19 20:25:07 +0000"
    },
    "done": true
  },
  "mcwfences:recipes/crimson": {
    "criteria": {
      "has_crimson": "2024-08-19 20:21:59 +0000"
    },
    "done": true
  },
  "lightmanscurrency:recipes/lightmanscurrency.trading/traders/card_display/jungle/light_gray": {
    "criteria": {
      "money": "2024-08-19 20:25:08 +0000"
    },
    "done": true
  },
  "lightmanscurrency:recipes/lightmanscurrency.trading/traders/card_display/dark_oak/lime": {
    "criteria": {
      "money": "2024-08-19 20:25:07 +0000"
    },
    "done": true
  },
  "mcwfences:recipes/prismarine": {
    "criteria": {
      "has_qq": "2024-08-19 20:21:59 +0000"
    },
    "done": true
  },
  "lightmanscurrency:recipes/lightmanscurrency.trading/traders/card_display/mangrove/pink": {
    "criteria": {
      "money": "2024-08-19 20:25:07 +0000"
    },
    "done": true
  },
  "lightmanscurrency:recipes/ticket_machine/ticket_station/golden_master_ticket": {
    "criteria": {
      "ticket_material": "2024-08-19 20:44:27 +0000",
      "tickets": "2024-08-19 20:44:27 +0000"
    },
    "done": true
  },
  "farmersdelight:main/root": {
    "criteria": {
      "seeds": "2024-08-19 20:21:59 +0000"
    },
    "done": true
  },
  "lightmanscurrency:recipes/lightmanscurrency.trading/traders/card_display/dark_oak/black": {
    "criteria": {
      "money": "2024-08-19 20:25:07 +0000"
    },
    "done": true
  },
  "lightmanscurrency:recipes/lightmanscurrency.trading/traders/ticket_kiosk": {
    "criteria": {
      "money": "2024-08-19 20:25:08 +0000"
    },
    "done": true
  },
  "mcwfences:recipes/quartz": {
    "criteria": {
      "has_qq": "2024-08-19 20:21:59 +0000"
    },
    "done": true
  },
  "lightmanscurrency:recipes/lightmanscurrency.trading/traders/large_vending_machine/dye_light_gray": {
    "criteria": {
      "money": "2024-08-19 20:25:07 +0000"
    },
    "done": true
  },
  "knightquest:recipes/misc/khopesh": {
    "criteria": {
      "has_netherite_sword": "2024-08-19 20:45:55 +0000"
    },
    "done": true
  },
  "lightmanscurrency:recipes/coin_mint/coin_mint/mint_coin_iron": {
    "criteria": {
      "money": "2024-08-19 20:25:07 +0000"
    },
    "done": true
  },
  "lightmanscurrency:recipes/lightmanscurrency.trading/traders/large_vending_machine/dye_black": {
    "criteria": {
      "money": "2024-08-19 20:25:08 +0000"
    },
    "done": true
  },
  "lightmanscurrency:recipes/lightmanscurrency.trading/traders/card_display/crimson/blue": {
    "criteria": {
      "money": "2024-08-19 20:25:07 +0000"
    },
    "done": true
  },
  "lightmanscurrency:currency/trader": {
    "criteria": {
      "trader": "2024-08-19 20:45:28 +0000"
    },
    "done": true
  },
  "lightmanscurrency:recipes/lightmanscurrency.trading/traders/card_display/crimson/red": {
    "criteria": {
      "money": "2024-08-19 20:25:07 +0000"
    },
    "done": true
  },
  "lightmanscurrency:recipes/lightmanscurrency.trading/traders/bookshelf/spruce": {
    "criteria": {
      "money": "2024-08-19 20:25:07 +0000"
    },
    "done": true
  },
  "lightmanscurrency:recipes/lightmanscurrency.trading/traders/card_display/jungle/cyan": {
    "criteria": {
      "money": "2024-08-19 20:25:07 +0000"
    },
    "done": true
  },
  "lightmanscurrency:recipes/lightmanscurrency.trading/traders/card_display/acacia/white": {
    "criteria": {
      "money": "2024-08-19 20:25:07 +0000"
    },
    "done": true
  },
  "lightmanscurrency:recipes/misc/auction_stand/warped": {
    "criteria": {
      "money": "2024-08-19 20:25:08 +0000"
    },
    "done": true
  },
  "lightmanscurrency:recipes/lightmanscurrency.coins/wallet/upgrade_wallet_copper_to_wallet_emerald": {
    "criteria": {
      "coin": "2024-08-19 20:25:08 +0000"
    },
    "done": true
  },
  "lightmanscurrency:recipes/lightmanscurrency.trading/traders/card_display/birch/white": {
    "criteria": {
      "money": "2024-08-19 20:25:07 +0000"
    },
    "done": true
  },
  "lightmanscurrency:recipes/lightmanscurrency.trading/traders/card_display/birch/orange": {
    "criteria": {
      "money": "2024-08-19 20:25:07 +0000"
    },
    "done": true
  },
  "create:root": {
    "criteria": {
      "0": "2024-08-19 20:21:59 +0000"
    },
    "done": true
  },
  "lightmanscurrency:recipes/lightmanscurrency.trading/traders/vending_machine/dye_cyan": {
    "criteria": {
      "money": "2024-08-19 20:25:07 +0000"
    },
    "done": true
  },
  "lightmanscurrency:recipes/ticket_machine/ticket_station/golden_ticket_pass": {
    "criteria": {
      "ticket_material": "2024-08-19 20:44:27 +0000",
      "tickets": "2024-08-19 20:44:27 +0000"
    },
    "done": true
  },
  "lightmanscurrency:recipes/lightmanscurrency.upgrades/upgrades/item_capacity_upgrade_3": {
    "criteria": {
      "money": "2024-08-19 20:25:07 +0000"
    },
    "done": true
  },
  "lightmanscurrency:recipes/lightmanscurrency.upgrades/upgrades/item_capacity_upgrade_2": {
    "criteria": {
      "money": "2024-08-19 20:25:07 +0000"
    },
    "done": true
  },
  "lightmanscurrency:recipes/lightmanscurrency.upgrades/upgrades/item_capacity_upgrade_1": {
    "criteria": {
      "money": "2024-08-19 20:25:07 +0000"
    },
    "done": true
  },
  "lightmanscurrency:recipes/lightmanscurrency.trading/traders/card_display/birch/blue": {
    "criteria": {
      "money": "2024-08-19 20:25:07 +0000"
    },
    "done": true
  },
  "lightmanscurrency:recipes/lightmanscurrency.trading/traders/vending_machine/dye_purple": {
    "criteria": {
      "money": "2024-08-19 20:25:07 +0000"
    },
    "done": true
  },
  "lightmanscurrency:recipes/lightmanscurrency.coins/coins/coinpile_chocolate_copper_from_coin": {
    "criteria": {
      "money": "2024-08-19 20:25:07 +0000",
      "coin": "2024-08-19 20:25:07 +0000"
    },
    "done": true
  },
  "lightmanscurrency:recipes/lightmanscurrency.trading/traders/card_display/jungle/orange": {
    "criteria": {
      "money": "2024-08-19 20:25:08 +0000"
    },
    "done": true
  },
  "lightmanscurrency:recipes/lightmanscurrency.trading/traders/card_display/dark_oak/green": {
    "criteria": {
      "money": "2024-08-19 20:25:07 +0000"
    },
    "done": true
  },
  "lightmanscurrency:recipes/lightmanscurrency.trading/traders/card_display/warped/pink": {
    "criteria": {
      "money": "2024-08-19 20:25:08 +0000"
    },
    "done": true
  },
  "lightmanscurrency:recipes/lightmanscurrency.coins/coins/coinblock_chocolate_iron_from_pile": {
    "criteria": {
      "money": "2024-08-19 20:25:07 +0000"
    },
    "done": true
  },
  "lightmanscurrency:recipes/lightmanscurrency.trading/traders/freezer/white": {
    "criteria": {
      "money": "2024-08-19 20:25:07 +0000"
    },
    "done": true
  },
  "lightmanscurrency:recipes/lightmanscurrency.machines/coinmint": {
    "criteria": {
      "money": "2024-08-19 20:25:08 +0000"
    },
    "done": true
  },
  "lightmanscurrency:recipes/lightmanscurrency.trading/traders/vending_machine/dye_black": {
    "criteria": {
      "money": "2024-08-19 20:25:08 +0000"
    },
    "done": true
  },
  "lightmanscurrency:recipes/lightmanscurrency.trading/traders/card_display/birch/purple": {
    "criteria": {
      "money": "2024-08-19 20:25:07 +0000"
    },
    "done": true
  },
  "lightmanscurrency:recipes/coin_mint/coin_mint/melt_coin_gold": {
    "criteria": {
      "money": "2024-08-19 20:25:07 +0000"
    },
    "done": true
  },
  "lightmanscurrency:recipes/lightmanscurrency.trading/traders/card_display/warped/yellow": {
    "criteria": {
      "money": "2024-08-19 20:25:07 +0000"
    },
    "done": true
  },
  "lightmanscurrency:recipes/lightmanscurrency.trading/traders/card_display/jungle/pink": {
    "criteria": {
      "money": "2024-08-19 20:25:07 +0000"
    },
    "done": true
  },
  "lightmanscurrency:recipes/lightmanscurrency.coins/coins/coinblock_gold_from_pile": {
    "criteria": {
      "money": "2024-08-19 20:25:07 +0000"
    },
    "done": true
  },
  "dnl:util/entity_hit_matching/on_hit": {
    "criteria": {
      "not_projectile": "2024-08-19 20:45:32 +0000",
      "not_magic": "2024-08-19 20:45:32 +0000"
    },
    "done": false
  },
  "lightmanscurrency:recipes/lightmanscurrency.trading/traders/shelf2/warped": {
    "criteria": {
      "money": "2024-08-19 20:25:07 +0000"
    },
    "done": true
  },
  "lightmanscurrency:recipes/lightmanscurrency.coins/coins/coinpile_iron_from_coin": {
    "criteria": {
      "money": "2024-08-19 20:25:07 +0000"
    },
    "done": true
  },
  "lightmanscurrency:recipes/misc/auction_stand/acacia": {
    "criteria": {
      "money": "2024-08-19 20:25:07 +0000"
    },
    "done": true
  },
  "lightmanscurrency:recipes/lightmanscurrency.trading/traders/card_display/mangrove/cyan": {
    "criteria": {
      "money": "2024-08-19 20:25:07 +0000"
    },
    "done": true
  },
  "mcwfences:recipes/sandstone": {
    "criteria": {
      "has_sand": "2024-08-19 20:21:59 +0000"
    },
    "done": true
  },
  "lightmanscurrency:recipes/lightmanscurrency.trading/traders/vending_machine/dye_gray": {
    "criteria": {
      "money": "2024-08-19 20:25:07 +0000"
    },
    "done": true
  },
  "lightmanscurrency:recipes/lightmanscurrency.trading/traders/card_display/oak/magenta": {
    "criteria": {
      "money": "2024-08-19 20:25:07 +0000"
    },
    "done": true
  },
  "lightmanscurrency:recipes/lightmanscurrency.trading/traders/vending_machine_large": {
    "criteria": {
      "money": "2024-08-19 20:25:07 +0000"
    },
    "done": true
  },
  "lightmanscurrency:recipes/lightmanscurrency.trading/traders/card_display/dark_oak/gray": {
    "criteria": {
      "money": "2024-08-19 20:25:07 +0000"
    },
    "done": true
  },
  "lightmanscurrency:recipes/lightmanscurrency.machines/gem_terminal_swap": {
    "criteria": {
      "money": "2024-08-19 20:25:08 +0000"
    },
    "done": true
  },
  "lightmanscurrency:recipes/lightmanscurrency.trading/traders/freezer/pink": {
    "criteria": {
      "money": "2024-08-19 20:25:07 +0000"
    },
    "done": true
  },
  "lightmanscurrency:recipes/lightmanscurrency.trading/traders/bookshelf/oak": {
    "criteria": {
      "money": "2024-08-19 20:25:07 +0000"
    },
    "done": true
  },
  "lightmanscurrency:recipes/lightmanscurrency.coins/wallet/upgrade_wallet_emerald_to_wallet_netherite": {
    "criteria": {
      "coin": "2024-08-19 20:25:07 +0000"
    },
    "done": true
  },
  "lightmanscurrency:recipes/lightmanscurrency.machines/terminal": {
    "criteria": {
      "money": "2024-08-19 20:25:07 +0000"
    },
    "done": true
  },
  "lightmanscurrency:recipes/lightmanscurrency.trading/traders/large_vending_machine/dye_red": {
    "criteria": {
      "money": "2024-08-19 20:25:07 +0000"
    },
    "done": true
  },
  "lightmanscurrency:recipes/lightmanscurrency.trading/traders/card_display/warped/light_gray": {
    "criteria": {
      "money": "2024-08-19 20:25:08 +0000"
    },
    "done": true
  },
  "lightmanscurrency:recipes/lightmanscurrency.trading/traders/card_display/birch/light_gray": {
    "criteria": {
      "money": "2024-08-19 20:25:08 +0000"
    },
    "done": true
  },
  "lightmanscurrency:recipes/lightmanscurrency.trading/traders/card_display/birch/yellow": {
    "criteria": {
      "money": "2024-08-19 20:25:08 +0000"
    },
    "done": true
  },
  "tombstone:adventure/root": {
    "criteria": {
      "auto": "2024-08-19 20:21:59 +0000"
    },
    "done": true
  },
  "lightmanscurrency:recipes/lightmanscurrency.trading/traders/card_display/spruce/pink": {
    "criteria": {
      "money": "2024-08-19 20:25:07 +0000"
    },
    "done": true
  },
  "lightmanscurrency:recipes/lightmanscurrency.trading/traders/card_display/mangrove/purple": {
    "criteria": {
      "money": "2024-08-19 20:25:08 +0000"
    },
    "done": true
  },
  "lightmanscurrency:recipes/lightmanscurrency.coins/coins/coinpile_chocolate_emerald_from_coin": {
    "criteria": {
      "money": "2024-08-19 20:25:08 +0000"
    },
    "done": true
  },
  "lightmanscurrency:recipes/lightmanscurrency.trading/traders/card_display/acacia/cyan": {
    "criteria": {
      "money": "2024-08-19 20:25:08 +0000"
    },
    "done": true
  },
  "lightmanscurrency:recipes/lightmanscurrency.trading/traders/vending_machine/dye_light_gray": {
    "criteria": {
      "money": "2024-08-19 20:25:08 +0000"
    },
    "done": true
  },
  "mcwfences:recipes/birch": {
    "criteria": {
      "has_birch": "2024-08-19 20:21:59 +0000"
    },
    "done": true
  },
  "lightmanscurrency:recipes/lightmanscurrency.trading/traders/card_display/warped/red": {
    "criteria": {
      "money": "2024-08-19 20:25:07 +0000"
    },
    "done": true
  },
  "lightmanscurrency:recipes/lightmanscurrency.machines/portable_terminal_swap": {
    "criteria": {
      "money": "2024-08-19 20:25:07 +0000"
    },
    "done": true
  },
  "lightmanscurrency:recipes/lightmanscurrency.trading/traders/card_display/oak/gray": {
    "criteria": {
      "money": "2024-08-19 20:25:07 +0000"
    },
    "done": true
  },
  "lightmanscurrency:recipes/lightmanscurrency.trading/traders/shelf2/crimson": {
    "criteria": {
      "money": "2024-08-19 20:25:07 +0000"
    },
    "done": true
  },
  "lightmanscurrency:recipes/lightmanscurrency.coins/coins/coinpile_diamond_from_block": {
    "criteria": {
      "money": "2024-08-19 20:25:08 +0000"
    },
    "done": true
  },
  "lightmanscurrency:recipes/coin_mint/coin_mint/melt_coin_iron": {
    "criteria": {
      "money": "2024-08-19 20:25:07 +0000"
    },
    "done": true
  },
  "lightmanscurrency:recipes/ticket_machine/ticket_station/ticket_pass": {
    "criteria": {
      "ticket_material": "2024-08-19 20:44:27 +0000",
      "tickets": "2024-08-19 20:44:27 +0000"
    },
    "done": true
  },
  "lightmanscurrency:recipes/lightmanscurrency.coins/coins/coinblock_chocolate_netherite_from_pile": {
    "criteria": {
      "money": "2024-08-19 20:25:08 +0000"
    },
    "done": true
  },
  "lightmanscurrency:recipes/coin_mint/coin_mint/mint_coin_diamond": {
    "criteria": {
      "money": "2024-08-19 20:25:07 +0000"
    },
    "done": true
  },
  "lightmanscurrency:recipes/lightmanscurrency.trading/traders/card_display/warped/orange": {
    "criteria": {
      "money": "2024-08-19 20:25:08 +0000"
    },
    "done": true
  },
  "lightmanscurrency:recipes/lightmanscurrency.upgrades/upgrades/speed_upgrade_5": {
    "criteria": {
      "money": "2024-08-19 20:25:07 +0000"
    },
    "done": true
  },
  "lightmanscurrency:recipes/lightmanscurrency.upgrades/upgrades/speed_upgrade_3": {
    "criteria": {
      "money": "2024-08-19 20:25:07 +0000"
    },
    "done": true
  },
  "lightmanscurrency:recipes/lightmanscurrency.upgrades/upgrades/speed_upgrade_4": {
    "criteria": {
      "money": "2024-08-19 20:25:07 +0000"
    },
    "done": true
  },
  "lightmanscurrency:recipes/misc/auction_stand/oak": {
    "criteria": {
      "money": "2024-08-19 20:25:08 +0000"
    },
    "done": true
  },
  "lightmanscurrency:recipes/lightmanscurrency.trading/traders/card_display/mangrove/yellow": {
    "criteria": {
      "money": "2024-08-19 20:25:08 +0000"
    },
    "done": true
  },
  "lightmanscurrency:recipes/lightmanscurrency.coins/wallet/upgrade_wallet_iron_to_wallet_gold": {
    "criteria": {
      "coin": "2024-08-19 20:25:07 +0000"
    },
    "done": true
  },
  "lightmanscurrency:recipes/lightmanscurrency.trading/traders/freezer/light_gray": {
    "criteria": {
      "money": "2024-08-19 20:25:07 +0000"
    },
    "done": true
  },
  "dnl:entity/guardian_ghast/hurt": {
    "criteria": {
      "not_projectile": "2024-08-19 20:45:32 +0000"
    },
    "done": false
  },
  "lightmanscurrency:recipes/lightmanscurrency.trading/traders/card_display/spruce/light_blue": {
    "criteria": {
      "money": "2024-08-19 20:25:07 +0000"
    },
    "done": true
  },
  "lightmanscurrency:recipes/lightmanscurrency.trading/traders/card_display/birch/pink": {
    "criteria": {
      "money": "2024-08-19 20:25:07 +0000"
    },
    "done": true
  },
  "lightmanscurrency:recipes/lightmanscurrency.trading/traders/card_display/crimson/light_blue": {
    "criteria": {
      "money": "2024-08-19 20:25:07 +0000"
    },
    "done": true
  },
  "lightmanscurrency:recipes/lightmanscurrency.trading/traders/large_vending_machine/dye_green": {
    "criteria": {
      "money": "2024-08-19 20:25:07 +0000"
    },
    "done": true
  },
  "lightmanscurrency:recipes/lightmanscurrency.trading/traders/card_display/acacia/lime": {
    "criteria": {
      "money": "2024-08-19 20:25:07 +0000"
    },
    "done": true
  },
  "lightmanscurrency:recipes/lightmanscurrency.trading/traders/card_display/dark_oak/light_blue": {
    "criteria": {
      "money": "2024-08-19 20:25:07 +0000"
    },
    "done": true
  },
  "lightmanscurrency:recipes/lightmanscurrency.coins/coins/coin_chocolate_gold_from_pile": {
    "criteria": {
      "money": "2024-08-19 20:25:08 +0000"
    },
    "done": true
  },
  "lightmanscurrency:recipes/lightmanscurrency.trading/traders/card_display/oak/red": {
    "criteria": {
      "money": "2024-08-19 20:25:08 +0000"
    },
    "done": true
  },
  "lightmanscurrency:recipes/lightmanscurrency.trading/traders/card_display/jungle/green": {
    "criteria": {
      "money": "2024-08-19 20:25:07 +0000"
    },
    "done": true
  },
  "lightmanscurrency:recipes/misc/upgrades/coin_chest_exchange_upgrade": {
    "criteria": {
      "money": "2024-08-19 20:25:07 +0000"
    },
    "done": true
  },
  "lightmanscurrency:recipes/lightmanscurrency.trading/traders/card_display/mangrove/brown": {
    "criteria": {
      "money": "2024-08-19 20:25:07 +0000"
    },
    "done": true
  },
  "lightmanscurrency:recipes/lightmanscurrency.coins/trading_core": {
    "criteria": {
      "money": "2024-08-19 20:25:07 +0000"
    },
    "done": true
  },
  "lightmanscurrency:recipes/lightmanscurrency.trading/traders/card_display/mangrove/white": {
    "criteria": {
      "money": "2024-08-19 20:25:07 +0000"
    },
    "done": true
  },
  "lightmanscurrency:recipes/lightmanscurrency.trading/traders/card_display/oak/pink": {
    "criteria": {
      "money": "2024-08-19 20:25:08 +0000"
    },
    "done": true
  },
  "lightmanscurrency:recipes/lightmanscurrency.trading/traders/freezer/purple": {
    "criteria": {
      "money": "2024-08-19 20:25:07 +0000"
    },
    "done": true
  },
  "lightmanscurrency:recipes/coin_mint/coin_mint/mint_coin_copper": {
    "criteria": {
      "money": "2024-08-19 20:25:07 +0000"
    },
    "done": true
  },
  "lightmanscurrency:recipes/lightmanscurrency.trading/traders/card_display/birch/magenta": {
    "criteria": {
      "money": "2024-08-19 20:25:07 +0000"
    },
    "done": true
  },
  "lightmanscurrency:recipes/lightmanscurrency.trading/traders/shelf/warped": {
    "criteria": {
      "money": "2024-08-19 20:25:08 +0000"
    },
    "done": true
  },
  "mcwfences:recipes/acacia": {
    "criteria": {
      "has_acacia": "2024-08-19 20:21:59 +0000"
    },
    "done": true
  },
  "lightmanscurrency:recipes/lightmanscurrency.trading/traders/shelf/birch": {
    "criteria": {
      "money": "2024-08-19 20:25:07 +0000"
    },
    "done": true
  },
  "lightmanscurrency:currency/events/chocolate_coins": {
    "criteria": {
      "has_coins": "2024-08-19 20:25:07 +0000"
    },
    "done": true
  },
  "lightmanscurrency:recipes/lightmanscurrency.trading/traders/shelf2/dark_oak": {
    "criteria": {
      "money": "2024-08-19 20:25:07 +0000"
    },
    "done": true
  },
  "lightmanscurrency:recipes/lightmanscurrency.trading/traders/vending_machine/dye_green": {
    "criteria": {
      "money": "2024-08-19 20:25:07 +0000"
    },
    "done": true
  },
  "lightmanscurrency:recipes/lightmanscurrency.trading/traders/freezer/brown": {
    "criteria": {
      "money": "2024-08-19 20:25:07 +0000"
    },
    "done": true
  },
  "lightmanscurrency:recipes/lightmanscurrency.trading/traders/large_vending_machine/dye_blue": {
    "criteria": {
      "money": "2024-08-19 20:25:07 +0000"
    },
    "done": true
  },
  "lightmanscurrency:recipes/lightmanscurrency.trading/traders/vending_machine/dye_yellow": {
    "criteria": {
      "money": "2024-08-19 20:25:07 +0000"
    },
    "done": true
  },
  "lightmanscurrency:currency/myfirstpenny": {
    "criteria": {
      "coin": "2024-08-19 20:25:07 +0000"
    },
    "done": true
  },
  "lightmanscurrency:recipes/lightmanscurrency.trading/traders/card_display/crimson/orange": {
    "criteria": {
      "money": "2024-08-19 20:25:07 +0000"
    },
    "done": true
  },
  "knightquest:recipes/misc/paladin_sword": {
    "criteria": {
      "has_netherite_sword": "2024-08-19 20:45:55 +0000"
    },
    "done": true
  },
  "lightmanscurrency:recipes/misc/auction_stand/birch": {
    "criteria": {
      "money": "2024-08-19 20:25:07 +0000"
    },
    "done": true
  },
  "lightmanscurrency:recipes/lightmanscurrency.trading/traders/card_display/dark_oak/cyan": {
    "criteria": {
      "money": "2024-08-19 20:25:08 +0000"
    },
    "done": true
  },
  "lightmanscurrency:recipes/lightmanscurrency.trading/traders/card_display/warped/gray": {
    "criteria": {
      "money": "2024-08-19 20:25:07 +0000"
    },
    "done": true
  },
  "lightmanscurrency:recipes/ticket_machine/ticket_station/ticket": {
    "criteria": {
      "ticket_material": "2024-08-19 20:44:27 +0000",
      "tickets": "2024-08-19 20:44:27 +0000"
    },
    "done": true
  },
  "lightmanscurrency:recipes/lightmanscurrency.trading/traders/card_display/acacia/light_blue": {
    "criteria": {
      "money": "2024-08-19 20:25:07 +0000"
    },
    "done": true
  },
  "lightmanscurrency:recipes/ticket_machine/ticket_station/golden_ticket": {
    "criteria": {
      "ticket_material": "2024-08-19 20:44:27 +0000",
      "tickets": "2024-08-19 20:44:27 +0000"
    },
    "done": true
  },
  "lightmanscurrency:recipes/lightmanscurrency.trading/traders/card_display/warped/purple": {
    "criteria": {
      "money": "2024-08-19 20:25:07 +0000"
    },
    "done": true
  },
  "lightmanscurrency:recipes/lightmanscurrency.upgrades/upgrades/hopper_upgrade": {
    "criteria": {
      "money": "2024-08-19 20:25:07 +0000"
    },
    "done": true
  },
  "lightmanscurrency:recipes/lightmanscurrency.trading/traders/card_display/crimson/pink": {
    "criteria": {
      "money": "2024-08-19 20:25:07 +0000"
    },
    "done": true
  },
  "lightmanscurrency:recipes/lightmanscurrency.coins/wallet/wallet_gold": {
    "criteria": {
      "coin": "2024-08-19 20:25:08 +0000"
    },
    "done": true
  },
  "DataVersion": 3120
}